employee_id,first_name,last_name,gender,date_of_birth,national_id_type,national_id,email,phone,hire_date,termination_date,employment_status,contract_type,fte,job_title,job_level,department,manager_id,salary,currency,salary_period,bonus,salary_grade,city,country,work_mode,office_id,performance_rating,vacation_days_total,vacation_days_used,education_level,skills,languages,last_promotion_date,projects_count,emergency_contact,is_remote_eligible,tenure_years,age,annual_salary,annual_salary_usd
1,Stefano,Ferrari,M,2002-05-10,Codice Fiscale,FRRSTF02E10951Y,stefano.ferrari@globalcorp.com,+39 343 5432498,2022-08-16,2023-04-15,Terminated,Permanent,1.0,QA Specialist,mid,IT,299.0,3578.89,EUR,Monthly,7666.78,P2,Bologna,Italy,Hybrid,15,5,20,4,MBA,"Figma, Kubernetes","Italian, Dutch",2024-02-03,3,Stefano +39 334 3202935,False,0.66,23,50613.46,54662.54
2,Jamie,Lee,M,1990-03-28,NINO,WG 65 66 65 C,jamie.lee@globalcorp.com,+44 7701 137827,2011-08-28,,Active,B2B,1.0,Finance Manager,manager,Finance,,11165.14,GBP,Monthly,0.0,P5,Manchester,UK,On-site,62,3,26,20,Bachelor,"Salesforce, Docker, PMP, Photoshop","English, German",,3,Harper +44 7450 389565,True,,35,133981.68,170156.73
3,Nicholas,Garcia,M,1988-03-22,SSN,474-02-0353,nicholas.garcia@globalcorp.com,+1 (510) 408-5308,2009-04-08,,Active,B2B,0.5,Mid Developer,mid,IT,32.0,10619.94,USD,Monthly,0.0,P2,New York,USA,On-site,72,2,26,16,Bachelor,"Java, Azure, Salesforce, Tableau, Negotiation","English, Dutch",,5,Nicholas +1 (248) 760-7865,True,,37,127439.28,127439.28
4,Jaime,López,M,1976-10-12,DNI,99517133C,jaime.lopez@globalcorp.com,+34 610 767487,2010-11-13,,Active,Fixed-term,0.75,Sales Manager,manager,Sales,,8373.67,EUR,Monthly,11705.19,P5,Barcelona,Spain,Hybrid,9,3,26,0,Bachelor,"ITIL, SAP, Accounting, PMP","Spanish, English",2019-11-20,2,Alejandra +34 601 808343,False,,48,112189.23,121164.37
5,Przemyslaw,Kaczmarek,M,1971-10-05,PESEL,71100511187,przemyslaw.kaczmarek@globalcorp.com,+48 729 963 176,2018-02-09,,Active,Internship,1.0,QA Specialist,mid,IT,163.0,8687.43,PLN,Monthly,0.0,P2,Lodz,Poland,Hybrid,55,5,20,9,PhD,"Figma, SAP, Negotiation","Polish, English",2021-01-22,8,Stanislaw +48 604 951 872,True,,53,104249.16,26062.29
6,Karan,Shah,M,1986-03-10,Aadhaar,5350 4538 2158,karan.shah@globalcorp.com,+91 69853 55850,2007-01-29,,Active,B2B,1.0,Sales Representative,mid,Sales,223.0,87685.49,INR,Monthly,0.0,P2,Mumbai,India,Hybrid,67,3,26,7,Master,"Accounting, Lean Six Sigma, SQL, PRINCE2","Hindi, English, Russian",,2,Sameer +91 79145 33123,True,,39,1052225.88,12626.71
7,Bianca,Galli,F,1984-09-17,Codice Fiscale,GLLBNC84P57437Q,bianca.galli@globalcorp.com,+39 368 7994373,2014-05-12,,Active,Fixed-term,1.0,Account Manager,manager,Sales,,54.59,EUR,Hourly,5081.18,P5,Florence,Italy,Hybrid,37,3,26,2,Master,"PRINCE2, Project Management","Italian, English, French",2018-08-30,3,Margherita +39 342 2450481,False,,40,115134.62,124345.39
8,Olivier,Meijer,M,1974-02-02,BSN,488.566.514,olivier.meijer@globalcorp.com,+31 6 22049436,2014-02-10,,Active,Permanent,0.5,HR Manager,manager,HR,,14895.74,EUR,Monthly,21483.08,P5,Tilburg,Netherlands,Hybrid,94,3,26,16,MBA,"AWS, Jira, Java","Dutch, English",2025-03-16,3,Lily +31 6 29279235,True,,51,200231.96,216250.52
9,Igor,Tomczak,M,1973-03-25,PESEL,73032531741,igor.tomczak@globalcorp.com,+48 518 855 502,2015-05-29,,On Leave,Permanent,1.0,Data Scientist,lead,IT,72.0,205233.88,PLN,Annual,0.0,P4,Gdansk,Poland,On-site,39,3,26,25,High School,"Photoshop, PMP, ITIL","Polish, English, Italian",2017-01-16,4,Daniel +48 512 928 188,False,,52,205233.88,51308.47
10,Nora,Lee,F,1973-02-23,NINO,PE 28 31 77 D,nora.lee@globalcorp.com,+44 7801 964556,1994-10-03,,Active,Permanent,1.0,Shift Leader,lead,Operations,308.0,10849.62,GBP,Monthly,5461.54,P4,London,UK,Hybrid,56,2,26,1,PhD,"React, Figma","English, Italian, Mandarin",2004-11-24,5,Adam +44 7805 385535,True,,52,135656.98,172284.36
11,Eva,Zimmermann,F,1973-06-25,Steuer-ID,79 528 228 837,eva.zimmermann@globalcorp.com,+49 157 2853456,2016-06-09,,On Leave,B2B,0.5,Brand Manager,manager,Marketing,,15854.18,EUR,Monthly,0.0,P5,Düsseldorf,Germany,On-site,33,3,20,6,High School,"Python, SAP","German, English, Mandarin",2020-04-18,4,Ulrich +49 241 3671907,True,,52,190250.16,205470.17
12,Logan,Robinson,M,1978-05-12,SSN,830-80-0050,logan.robinson@globalcorp.com,+1 (865) 631-1245,1997-02-22,,Active,B2B,1.0,Dispatcher,junior,Logistics,394.0,6137.53,USD,Monthly,0.0,P1,Los Angeles,USA,Hybrid,57,4,26,18,Bachelor,"PMP, Lean Six Sigma, Excel, Photoshop",English,,4,Tyler +1 (407) 379-3021,False,,47,73650.36,73650.36
13,Alejandra,Moreno,F,1988-03-15,DNI,61809142T,alejandra.moreno@globalcorp.com,+34 670 224533,2010-10-09,2013-01-18,Terminated,Permanent,1.0,HR Manager,manager,HR,,9526.85,EUR,Monthly,6726.27,P5,Alicante,Spain,Hybrid,2,4,26,8,High School,"AutoCAD, Salesforce, Oracle","Spanish, English",2015-04-06,5,Diego +34 636 593658,False,2.28,37,121048.47,130732.35
14,Lara,Wolters,F,1989-09-08,BSN,717.490.920,lara.wolters@globalcorp.com,+31 6 48180419,2013-05-15,,Active,Fixed-term,1.0,Accountant,senior,Finance,436.0,6802.76,EUR,Monthly,0.0,P3,Groningen,Netherlands,Hybrid,43,2,26,3,MBA,"Figma, Lean Six Sigma, Oracle, Azure","Dutch, English, Spanish",2022-08-04,2,Bram +31 6 37649958,False,,35,81633.12,88163.77
15,Jessica,Anderson,F,1984-03-10,NINO,SN 81 05 84 D,jessica.anderson@globalcorp.com,+44 7916 518383,2022-01-25,2023-10-16,Terminated,Permanent,1.0,Copywriter,mid,Marketing,289.0,4986.01,GBP,Monthly,2895.45,P2,London,UK,On-site,56,3,20,4,PhD,"Photoshop, Kubernetes",English,2025-04-03,2,Adam +44 7454 964894,True,1.72,41,62727.57,79664.01
16,Lena,Zielinski,F,1986-05-05,PESEL,86050591484,lena.zielinski@globalcorp.com,+48 604 892 602,2008-05-26,,Active,Permanent,1.0,HR Specialist,mid,HR,439.0,120063.24,PLN,Annual,12669.46,P2,Katowice,Poland,Hybrid,48,1,26,0,Master,"Accounting, Figma","Polish, English, Spanish, Dutch",2024-08-07,1,Robert +48 512 573 469,True,,39,132732.7,33183.18
17,Amélie,Morel,F,1990-09-10,INSEE,2 90 09 10 49 727 6,amelie.morel@globalcorp.com,+33 7 16 52 71 79,2021-11-02,,Active,Contractor,0.5,Legal Assistant,junior,Legal,492.0,15.53,EUR,Hourly,5407.5,P1,Toulouse,France,Remote,96,3,20,20,Bachelor,"PRINCE2, Project Management, Jira, PMP","French, English, Mandarin, Dutch",2024-12-06,4,Florian +33 6 88 60 84 48,True,,34,36715.98,39653.26
18,Wiktor,Kruk,M,1965-11-08,PESEL,65110857360,wiktor.kruk@globalcorp.com,+48 691 194 597,2025-01-08,,Active,Permanent,1.0,HR Manager,manager,HR,,22341.65,PLN,Monthly,13305.26,P5,Wroclaw,Poland,On-site,103,4,20,10,Bachelor,"AWS, Scrum","Polish, English",,5,Sebastian +48 602 313 933,True,,59,281405.06,70351.26
19,Julia,Jansen,F,1987-01-29,BSN,608.999.970,julia.jansen@globalcorp.com,+31 6 35969677,2024-09-04,,Active,Permanent,1.0,Controller,senior,Finance,34.0,5459.54,EUR,Monthly,13714.3,P3,The Hague,Netherlands,Hybrid,93,3,20,19,Master,"PMP, Jira, Azure, Python","Dutch, English",,3,Bente +31 6 36338471,False,,38,79228.78,85567.08
20,Víctor,Díaz,M,1998-08-20,DNI,42288571N,victor.diaz@globalcorp.com,+34 617 663477,2019-04-27,,On Leave,Permanent,0.75,Key Account Manager,manager,Sales,,9415.48,EUR,Monthly,13616.69,P5,Seville,Spain,On-site,89,4,20,14,Bachelor,"Salesforce, AutoCAD","Spanish, English, Dutch",,4,Iker +34 629 956378,False,,26,126602.45,136730.65
21,Filippo,Ferrara,M,1965-08-31,Codice Fiscale,FRRFLP65M31299L,filippo.ferrara@globalcorp.com,+39 337 6020794,1987-08-29,,Probation,Permanent,0.75,Recruiter,mid,HR,366.0,4303.98,EUR,Monthly,4809.0,P2,Florence,Italy,On-site,37,3,26,9,High School,"Kotlin, React, Figma, Financial Analysis, Python","Italian, English",1989-12-02,9,Federico +39 390 3457939,True,,59,56456.76,60973.3
22,Nina,Hofmann,F,1957-06-27,Steuer-ID,84 542 876 369,nina.hofmann@globalcorp.com,+49 351 6812862,1986-08-04,2007-01-19,Terminated,B2B,1.0,Sales Representative,mid,Sales,429.0,5123.09,EUR,Monthly,0.0,P2,Dortmund,Germany,Hybrid,31,4,26,25,Master,"Salesforce, PMP, Azure","German, English, French",1995-04-30,6,Markus +49 151 6973109,False,20.46,68,61477.08,66395.25
23,Ishita,Bhat,F,1983-07-25,Aadhaar,6425 3601 7345,ishita.bhat@globalcorp.com,+91 98778 22547,2019-12-18,,Active,Internship,0.8,Warehouse Worker,junior,Logistics,28.0,50420.27,INR,Monthly,67079.84,P1,Delhi,India,On-site,29,4,20,5,Master,"Financial Analysis, AWS","Hindi, English, Dutch",2021-10-14,2,Manish +91 75695 17082,True,,41,672123.08,8065.48
24,Jack,Clark,M,1995-10-03,SSN,394-76-2454,jack.clark@globalcorp.com,+1 (207) 311-7720,2016-01-24,2022-10-27,Terminated,Fixed-term,1.0,Legal Counsel,mid,Legal,390.0,8067.23,USD,Monthly,7982.09,P2,San Antonio,USA,Hybrid,86,4,20,3,PhD,"Tableau, SQL, React","English, Russian, Polish",,4,Ellie +1 (325) 524-7258,False,6.76,29,104788.85,104788.85
25,Nicole,Moretti,F,1983-07-15,Codice Fiscale,MRTNCL83L55781P,nicole.moretti@globalcorp.com,+39 381 3721087,2017-01-01,,Active,Fixed-term,1.0,Sales Representative,mid,Sales,475.0,3918.76,EUR,Monthly,5454.2,P2,Bologna,Italy,Remote,15,4,20,16,Master,"Oracle, Accounting, PRINCE2, Financial Analysis, Project Management","Italian, English, German",2024-01-05,5,Chiara +39 320 1311686,True,,41,52479.32,56677.67
26,Dagmara,Mazur,F,1991-06-13,PESEL,91061328831,dagmara.mazur@globalcorp.com,+48 606 604 528,2015-06-13,,Active,Permanent,1.0,Key Account Manager,manager,Sales,,169.2,PLN,Hourly,54182.49,P5,Gdansk,Poland,Hybrid,39,4,26,14,Bachelor,"React, Excel, Python, Tableau, AutoCAD","Polish, English",,3,Zofia +48 667 869 165,False,,34,395289.69,98822.42
27,James,Hill,M,1988-10-18,NINO,PX 25 00 77 B,james.hill@globalcorp.com,+44 7450 550413,2021-02-18,,Active,Fixed-term,1.0,Data Analyst,mid,IT,78.0,5153.12,GBP,Monthly,1610.19,P2,Birmingham,UK,On-site,14,3,20,8,Master,"Figma, PRINCE2",English,,3,William +44 7802 928847,False,,36,63447.63,80578.49
28,Pawel,Tomczak,Other,1973-12-04,PESEL,73120466032,pawel.tomczak@globalcorp.com,+48 728 755 834,2012-04-05,,Active,Permanent,0.5,Supply Chain Analyst,mid,Logistics,394.0,54.41,PLN,Hourly,0.0,P2,Krakow,Poland,Remote,49,3,26,15,Bachelor,"React, ITIL, Jira","Polish, English, Mandarin, Dutch",2023-01-13,1,Kamila +48 694 363 993,True,,51,109690.56,27422.64
29,Hubert,Pawlowski,M,1975-03-25,PESEL,75032534946,hubert.pawlowski@globalcorp.com,+48 694 888 324,2012-02-14,,Active,Permanent,0.8,IT Manager,manager,IT,,34232.05,PLN,Monthly,27806.96,P5,Lodz,Poland,Hybrid,55,3,26,26,Master,"Photoshop, Figma, PMP, SQL","Polish, English",2022-12-07,3,Mateusz +48 604 750 996,False,,50,438591.56,109647.89
30,Sofía,Muñoz,F,1968-10-31,DNI,38435729S,sofia.munoz@globalcorp.com,+34 602 202635,2017-01-22,,Active,Contractor,1.0,HR Specialist,mid,HR,499.0,3536.31,EUR,Monthly,2390.0,P2,Barcelona,Spain,Remote,9,4,20,5,Master,"Accounting, Kotlin, PRINCE2, Azure, PMP",Spanish,2023-05-31,3,Marta +34 611 833844,True,,56,44825.72,48411.78
31,Edoardo,Fontana,M,2000-02-25,Codice Fiscale,FNTDRD00B25516V,edoardo.fontana@globalcorp.com,+39 393 6764666,2025-02-28,,Active,Permanent,1.0,Controller,senior,Finance,355.0,31.08,EUR,Hourly,0.0,P3,Milan,Italy,Hybrid,65,2,20,18,Bachelor,"Project Management, Jira, Kotlin, AWS","Italian, English, Spanish, Korean",,1,Niccolò +39 334 9417915,False,,25,62657.28,67669.86
32,Mohan,Kapoor,M,1993-02-12,Aadhaar,6941 7049 4652,mohan.kapoor@globalcorp.com,+91 68352 02250,2016-05-10,,Active,Permanent,0.5,Scrum Master,lead,IT,259.0,205309.87,INR,Monthly,387827.24,P4,Hyderabad,India,Hybrid,46,5,20,19,Bachelor,"AWS, PRINCE2","Hindi, English, Polish",2020-07-14,4,Vihaan +91 70250 21933,True,,32,2851545.68,34218.55
33,Marina,Krause,F,1983-10-19,Steuer-ID,35 144 818 465,marina.krause@globalcorp.com,+49 175 6109936,2014-05-01,,Active,Permanent,1.0,Copywriter,mid,Marketing,289.0,6119.82,EUR,Monthly,9941.25,P2,Munich,Germany,Remote,68,3,26,20,PhD,"Java, AutoCAD, ITIL, AWS, PRINCE2","German, English, Korean, Polish",,4,Sebastian +49 151 5882059,True,,41,83379.09,90049.42
34,Hans,Bauer,M,1982-06-11,Steuer-ID,29 207 684 004,hans.bauer@globalcorp.com,+49 231 6723442,2016-02-15,,Active,B2B,1.0,Finance Manager,manager,Finance,,11213.0,EUR,Monthly,23601.21,P5,Berlin,Germany,On-site,11,4,20,3,Master,"Tableau, SAP","German, English",2023-12-23,6,Sabine +49 89 3256405,False,,43,158157.21,170809.79
35,Ellie,Lewis,F,1976-08-10,NINO,GY 18 21 21 B,ellie.lewis@globalcorp.com,+44 7805 968836,2020-01-11,,Active,Permanent,1.0,Warehouse Worker,junior,Logistics,226.0,3534.44,GBP,Monthly,0.0,P1,London,UK,Remote,56,3,20,1,Master,"Financial Analysis, Docker",English,,1,Adam +44 7914 857003,False,,48,42413.28,53864.87
36,Julia,Krawczyk,F,1988-03-07,PESEL,88030739855,julia.krawczyk@globalcorp.com,+48 728 305 722,2015-06-28,,On Leave,Permanent,1.0,Inside Sales Specialist,junior,Sales,170.0,6490.19,PLN,Monthly,10299.76,P1,Gdansk,Poland,Hybrid,39,5,26,3,Master,"Jira, Photoshop, Tableau","Polish, English, Dutch",2019-07-13,2,Sara +48 691 525 780,False,,37,88182.04,22045.51
37,Mikolaj,Pawlowski,M,1977-08-30,PESEL,77083058307,mikolaj.pawlowski@globalcorp.com,+48 693 634 818,2006-10-31,2007-03-05,Terminated,B2B,1.0,Sales Director,manager,Sales,,27698.53,PLN,Monthly,54084.83,P5,Bialystok,Poland,Remote,12,1,26,18,Master,"Power BI, Kubernetes, AWS","Polish, English",2009-02-14,0,Joanna +48 722 355 911,True,0.34,47,386467.19,96616.8
38,Isla,Martin,F,1981-01-26,NINO,CE 10 35 33 B,isla.martin@globalcorp.com,+44 7405 437658,2021-06-09,,Active,Permanent,0.5,Sales Manager,manager,Sales,,10915.01,GBP,Monthly,0.0,P5,Birmingham,UK,On-site,14,3,20,8,High School,"Accounting, PRINCE2",English,,3,Arthur +44 7403 689291,True,,44,130980.12,166344.75
39,Ewa,Kaminski,F,1978-09-06,PESEL,78090659431,ewa.kaminski@globalcorp.com,+48 728 902 133,2024-02-23,,Active,Contractor,1.0,Compliance Officer,senior,Legal,330.0,12926.43,PLN,Monthly,0.0,P3,Warsaw,Poland,Hybrid,102,4,20,20,Master,"PMP, AutoCAD","Polish, English, Mandarin",,3,Barbara +48 668 917 882,True,,46,155117.16,38779.29
40,Nicolás,González,M,1992-03-26,DNI,24049317B,nicolas.gonzalez@globalcorp.com,+34 632 337772,2018-12-01,,Active,Permanent,1.0,Legal Counsel,mid,Legal,363.0,3315.58,EUR,Monthly,7015.66,P2,Palma,Spain,On-site,77,3,20,0,PhD,"Docker, Power BI","Spanish, English, Dutch, Arabic",2024-10-09,2,Helena +34 610 186926,False,,33,46802.62,50546.83
41,Eleanor,Robinson,Other,1983-12-29,NINO,CE 18 95 66 C,eleanor.robinson@globalcorp.com,+44 7450 151352,2004-06-03,,Active,B2B,0.8,Key Account Manager,manager,Sales,,13907.25,GBP,Monthly,0.0,P5,London,UK,Remote,56,3,26,10,High School,"Scrum, Docker","English, Dutch",2012-09-09,1,Henry +44 7804 741521,False,,41,166887.0,211946.49
42,Pepijn,Dijkstra,M,1986-04-21,BSN,289.706.865,pepijn.dijkstra@globalcorp.com,+31 6 37006860,2010-06-12,,Active,Internship,1.0,Copywriter,mid,Marketing,420.0,6133.01,EUR,Monthly,3255.1,P2,Apeldoorn,Netherlands,On-site,5,4,26,7,Bachelor,"SQL, Python","Dutch, English, Arabic, Portuguese",,5,Julia +31 6 13473755,False,,39,76851.22,82999.32
43,Filippo,Rossi,M,1973-06-08,Codice Fiscale,RSSFLP73H08520A,filippo.rossi@globalcorp.com,+39 354 4315339,2007-03-15,,Active,Permanent,0.8,Contract Specialist,mid,Legal,406.0,51949.43,EUR,Annual,4942.82,P2,Palermo,Italy,On-site,76,4,26,23,Master,"Azure, ITIL, AutoCAD, Python, PRINCE2","Italian, English, Mandarin",2014-07-11,0,Matteo +39 360 1419047,True,,52,56892.25,61443.63
44,Philipp,Meyer,Other,1978-05-30,Steuer-ID,22 700 376 551,philipp.meyer@globalcorp.com,+49 43 6868435,2016-11-14,,Active,Fixed-term,1.0,Quality Inspector,mid,Operations,199.0,4749.92,EUR,Monthly,0.0,P2,Munich,Germany,Remote,68,2,20,2,Master,"Java, SQL, AWS, PMP, Figma","German, Spanish, Japanese",2024-09-23,3,Maria +49 159 5714802,False,,47,56999.04,61558.96
45,Charlotte,van der Linden,F,1986-01-14,BSN,372.914.366,charlotte.vanderlinden@globalcorp.com,+31 6 54123278,2018-05-29,,Active,Permanent,1.0,Forklift Operator,junior,Logistics,258.0,4018.09,EUR,Monthly,5511.16,P1,The Hague,Netherlands,Hybrid,93,3,20,8,Bachelor,"ITIL, Project Management","Dutch, English, Spanish",,5,Noa +31 6 17185650,True,,39,53728.24,58026.5
46,Sara,Vos,F,1969-09-08,BSN,977.260.653,sara.vos@globalcorp.com,+31 6 25101666,2018-09-10,2020-06-09,Terminated,B2B,1.0,Solution Architect,lead,IT,29.0,8038.96,EUR,Monthly,6782.01,P4,Rotterdam,Netherlands,Hybrid,85,3,20,18,Master,"Scrum, Tableau, Docker, Azure, Java",Dutch,,4,Bente +31 6 46292034,False,1.75,55,103249.53,111509.49
47,Nina,Becker,F,1982-08-24,Steuer-ID,76 410 923 623,nina.becker@globalcorp.com,+49 281 5121648,2001-05-23,,Active,Contractor,0.8,Business Development Manager,manager,Sales,,93.99,EUR,Hourly,0.0,P5,Düsseldorf,Germany,Hybrid,33,3,26,26,Master,"Tableau, ITIL, SAP","German, English, Korean",,1,Maria +49 231 2475476,True,,42,189483.84,204642.55
48,Susanne,Braun,F,1984-09-26,Steuer-ID,75 604 461 176,susanne.braun@globalcorp.com,+49 90 1410225,2013-04-30,,Active,B2B,0.8,CFO,manager,Finance,,11830.93,EUR,Monthly,19911.59,P5,Berlin,Germany,Hybrid,11,3,26,24,Master,"AutoCAD, Excel, Accounting, SAP","German, English, Italian",,1,Frauke +49 97 4899995,True,,40,161882.75,174833.37
49,Daniel,Rodríguez,M,1972-09-01,DNI,82926193S,daniel.rodriguez@globalcorp.com,+34 636 487203,2015-01-31,,Active,Contractor,0.8,Sales Manager,manager,Sales,,8161.89,EUR,Monthly,14878.8,P5,Bilbao,Spain,On-site,13,2,26,17,Bachelor,"Oracle, Project Management, SAP, Negotiation, Java","Spanish, English, French",,7,Lucía +34 682 680977,True,,52,112821.48,121847.2
50,Sylwia,Kozlowski,F,1995-05-31,PESEL,95053182230,sylwia.kozlowski@globalcorp.com,+48 601 676 820,2025-05-04,,Active,Fixed-term,1.0,QA Specialist,mid,IT,51.0,33.27,PLN,Hourly,5227.99,P2,Lodz,Poland,Hybrid,55,3,20,3,High School,"PRINCE2, Lean Six Sigma, React, Photoshop, AWS","Polish, English",,2,Magdalena +48 691 823 402,False,,30,72300.31,18075.08
51,Patrycja,Kaminski,F,1988-03-07,PESEL,88030781043,patrycja.kaminski@globalcorp.com,+48 668 176 167,2008-12-05,,Active,Fixed-term,1.0,Data Scientist,lead,IT,72.0,20206.61,PLN,Monthly,28848.68,P4,Lublin,Poland,Hybrid,58,3,26,2,Bachelor,"Kotlin, Python, Scrum, Kubernetes, Financial Analysis","Polish, Hindi",,5,Aleksandra +48 515 276 620,True,,37,271328.0,67832.0
52,Gabriela,Kozlowski,F,1983-09-25,PESEL,83092515614,gabriela.kozlowski@globalcorp.com,+48 663 700 381,2022-08-15,,Active,Permanent,0.8,Legal Assistant,junior,Legal,43.0,60647.31,PLN,Annual,0.0,P1,Lublin,Poland,Hybrid,58,4,20,8,PhD,"Oracle, ITIL, PMP, Scrum","Polish, English, Italian",2024-01-11,3,Karolina +48 513 161 105,True,,41,60647.31,15161.83
53,Fenna,Smits,F,1977-02-12,BSN,612.521.667,fenna.smits@globalcorp.com,+31 6 28740989,1995-05-09,,Active,B2B,1.0,Legal Director,manager,Legal,,14101.03,EUR,Monthly,0.0,P5,Amsterdam,Netherlands,Hybrid,4,3,26,12,Master,"Oracle, PMP, Financial Analysis, Negotiation","Dutch, Hindi",2013-09-12,6,Anouk +31 6 21476811,False,,48,169212.36,182749.35
54,Rafael,Serrano,M,1968-02-11,DNI,91429506K,rafael.serrano@globalcorp.com,+34 600 171760,1993-11-13,,Active,Contractor,0.75,Data Analyst,mid,IT,375.0,4432.28,EUR,Monthly,6772.85,P2,Valencia,Spain,On-site,99,3,26,13,Bachelor,"Financial Analysis, Accounting, Tableau","Spanish, English",2008-10-23,6,Leire +34 636 109025,False,,57,59960.21,64757.03
55,Nicole,Russo,F,1994-03-07,Codice Fiscale,RSSNCL94C47138E,nicole.russo@globalcorp.com,+39 329 9852312,2023-06-16,,Active,Fixed-term,1.0,Social Media Manager,manager,Marketing,,57.0,EUR,Hourly,3892.64,P5,Catania,Italy,Hybrid,23,5,20,1,PhD,"PMP, Jira, Kotlin, Oracle","Italian, English, Japanese",,3,Elisa +39 388 4772783,True,,31,118804.64,128309.01
56,Sara,van Leeuwen,F,1980-06-15,BSN,703.035.149,sara.vanleeuwen@globalcorp.com,+31 6 32424591,2019-09-23,2024-03-29,Terminated,Permanent,1.0,Supply Chain Analyst,mid,Logistics,225.0,25.39,EUR,Hourly,2999.76,P2,Rotterdam,Netherlands,On-site,85,4,20,14,Bachelor,"Salesforce, Tableau, Oracle","Dutch, English, Russian, Italian",2022-04-24,6,Nora +31 6 21696954,True,4.51,45,54186.0,58520.88
57,Lily,Young,F,1970-07-20,NINO,BB 28 46 07 A,lily.young@globalcorp.com,+44 7455 972476,2024-06-27,2025-03-14,Terminated,Permanent,0.75,Data Scientist,lead,IT,72.0,6459.47,GBP,Monthly,0.0,P4,London,UK,Hybrid,56,3,20,8,Master,"Financial Analysis, SQL, SAP",English,2025-06-29,1,George +44 7402 371664,True,0.71,54,77513.64,98442.32
58,Maxime,François,M,1977-02-28,INSEE,1 77 02 28 68 232 0,maxime.francois@globalcorp.com,+33 7 22 07 12 36,2013-05-22,,Active,B2B,1.0,Recruiter,mid,HR,154.0,5388.43,EUR,Monthly,7945.37,P2,Marseille,France,Hybrid,63,5,26,2,High School,"PMP, Figma, SAP","French, English",,4,Maxime +33 6 48 08 29 11,True,,48,72606.53,78415.05
59,Lukasz,Kwiatkowski,M,1989-08-13,PESEL,89081387127,lukasz.kwiatkowski@globalcorp.com,+48 693 818 367,2018-08-17,,Active,Contractor,1.0,Marketing Director,manager,Marketing,,27113.78,PLN,Monthly,46717.75,P5,Warsaw,Poland,Hybrid,102,3,20,19,Master,"Kubernetes, Azure, Scrum","Polish, English, German",,2,Dariusz +48 605 946 516,True,,35,372083.11,93020.78
60,Pawel,Dabrowski,M,1987-01-08,PESEL,87010826536,pawel.dabrowski@globalcorp.com,+48 661 449 142,2015-12-21,,Active,Permanent,1.0,Sales Manager,manager,Sales,,27001.06,PLN,Monthly,21658.54,P5,Lublin,Poland,Hybrid,58,3,20,7,Master,"Python, Photoshop, Docker, Salesforce","Polish, English, Portuguese",2024-08-09,5,Filip +48 694 556 731,True,,38,345671.26,86417.82
61,Emma,Alonso,F,1974-02-22,DNI,01533813N,emma.alonso@globalcorp.com,+34 672 581900,2009-03-17,,Active,Permanent,0.75,QA Specialist,mid,IT,72.0,3763.39,EUR,Monthly,0.0,P2,Valencia,Spain,Hybrid,99,3,26,6,Master,"Negotiation, Docker, ITIL, Project Management, AWS","Spanish, English",,1,Irene +34 676 236149,True,,51,45160.68,48773.53
62,Chloe,Taylor,F,1996-05-15,NINO,EM 30 08 07 D,chloe.taylor@globalcorp.com,+44 7705 995867,2020-02-01,,Active,Permanent,1.0,Brand Manager,manager,Marketing,,12459.56,GBP,Monthly,21212.51,P5,Liverpool,UK,Remote,54,2,20,10,Bachelor,"React, AutoCAD, ITIL",English,,2,William +44 7804 600925,True,,29,170727.23,216823.58
63,Mathéo,Lopez,M,1970-03-06,INSEE,1 70 03 06 45 380 7,matheo.lopez@globalcorp.com,+33 6 96 26 73 38,1999-02-04,,Active,Permanent,1.0,Sales Representative,mid,Sales,146.0,4567.59,EUR,Monthly,4723.47,P2,Le Havre,France,Hybrid,50,4,26,25,Bachelor,"ITIL, AWS",French,2003-09-03,4,Sarah +33 7 82 58 27 21,True,,55,59534.55,64297.31
64,Lorenzo,Gallo,M,1998-03-09,Codice Fiscale,GLLLRN98C09797M,lorenzo.gallo@globalcorp.com,+39 330 1120060,2024-02-17,,Active,Internship,0.8,Marketing Director,manager,Marketing,,9275.96,EUR,Monthly,0.0,P5,Milan,Italy,Remote,65,3,20,17,Bachelor,"AutoCAD, Figma, PMP","Italian, English",2025-04-27,2,Leonardo +39 389 9958295,True,,27,111311.52,120216.44
65,Jaime,Navarro,M,1986-03-29,DNI,91991070V,jaime.navarro@globalcorp.com,+34 648 915887,2011-10-26,,On Leave,Permanent,1.0,Data Analyst,mid,IT,299.0,3495.29,EUR,Monthly,0.0,P2,Murcia,Spain,Hybrid,69,4,26,2,MBA,"Azure, Salesforce","Spanish, English",2016-02-05,4,Marta +34 617 801553,True,,39,41943.48,45298.96
66,Jean,Martin,M,1981-08-09,INSEE,1 81 08 09 58 158 0,jean.martin@globalcorp.com,+33 7 15 28 63 66,2015-06-03,,Active,Permanent,0.5,QA Engineer,mid,IT,378.0,5264.6,EUR,Monthly,1785.11,P2,Paris,France,On-site,78,3,26,18,High School,"PMP, PRINCE2, AutoCAD, Accounting","French, English",2023-06-24,1,François +33 6 21 66 01 41,True,,43,64960.31,70157.13
67,Jean,Lefebvre,M,1982-02-08,INSEE,1 82 02 08 66 308 5,jean.lefebvre@globalcorp.com,+33 7 35 04 35 99,2017-02-04,2024-08-28,Terminated,Permanent,0.8,Process Engineer,mid,Operations,94.0,4703.03,EUR,Monthly,9337.0,P2,Paris,France,Remote,78,2,20,13,Master,"React, Oracle, Salesforce, ITIL","French, English",2018-09-01,4,Louise +33 6 40 77 75 20,True,7.56,43,65773.36,71035.23
68,Marina,Werner,F,1985-01-30,Steuer-ID,00 150 862 966,marina.werner@globalcorp.com,+49 271 6815282,2015-02-17,,Active,Permanent,1.0,Shift Leader,lead,Operations,108.0,10618.6,EUR,Monthly,10481.91,P4,Berlin,Germany,Remote,11,3,26,23,Master,"PRINCE2, Scrum, Azure, AutoCAD","German, English",,2,Martin +49 301 2049501,True,,40,137905.11,148937.52
69,Zofia,Kwiatkowski,F,1990-12-07,PESEL,90120725679,zofia.kwiatkowski@globalcorp.com,+48 516 533 718,2019-01-22,,Active,Internship,0.5,HR Manager,manager,HR,,18766.67,PLN,Monthly,0.0,P5,Krakow,Poland,Hybrid,49,2,20,20,Bachelor,"AWS, ITIL, Tableau","Polish, English, Spanish, Dutch",2024-12-30,4,Antoni +48 601 163 112,False,,34,225200.04,56300.01
70,James,Martin,M,1967-08-13,NINO,NZ 46 30 18 C,james.martin@globalcorp.com,+44 7911 967040,1987-07-25,,On Leave,Permanent,1.0,Sales Manager,manager,Sales,,13286.43,GBP,Monthly,0.0,P5,Manchester,UK,On-site,62,5,26,20,Bachelor,"Financial Analysis, Docker, Lean Six Sigma",English,2015-12-30,5,Thomas +44 7913 549840,False,,57,159437.16,202485.19
71,Dagmara,Borowski,F,1977-02-05,PESEL,77020542867,dagmara.borowski@globalcorp.com,+48 665 916 979,2004-09-13,,Active,Permanent,1.0,Logistics Coordinator,mid,Logistics,258.0,7809.19,PLN,Monthly,0.0,P2,Wroclaw,Poland,On-site,103,4,26,17,High School,"PRINCE2, Kubernetes, Excel, Scrum","Polish, English, Korean",2006-05-14,0,Damian +48 607 131 658,True,,48,93710.28,23427.57
72,Peter,Baker,M,1985-06-24,NINO,AA 56 97 28 B,peter.baker@globalcorp.com,+44 7802 182330,2013-05-07,,Active,Permanent,1.0,IT Manager,manager,IT,,13336.34,GBP,Monthly,0.0,P5,London,UK,Hybrid,56,4,26,9,Master,"ITIL, SQL, Kubernetes",English,2017-07-11,2,Joseph +44 7701 911803,False,,40,160036.08,203245.82
73,Dylan,Thomas,M,1996-05-29,SSN,743-18-0263,dylan.thomas@globalcorp.com,+1 (500) 811-6225,2018-10-10,,Probation,Internship,1.0,Operations Manager,manager,Operations,,20782.18,USD,Monthly,0.0,P5,New York,USA,Hybrid,72,4,20,18,MBA,"Accounting, Photoshop",English,2019-11-21,5,Ava +1 (811) 479-9375,False,,29,249386.16,249386.16
74,Sebastian,Sikora,M,1996-03-27,PESEL,96032715193,sebastian.sikora@globalcorp.com,+48 733 833 156,2024-06-16,,Active,Internship,1.0,Training Coordinator,mid,HR,174.0,5877.03,PLN,Monthly,0.0,P2,Gdansk,Poland,Hybrid,39,3,20,19,Bachelor,"Docker, Scrum, Negotiation, PMP","Polish, English, Spanish",2025-06-26,5,Kamila +48 667 620 660,False,,29,70524.36,17631.09
75,Mikolaj,Adamczyk,M,2000-07-02,PESEL,00270217397,mikolaj.adamczyk@globalcorp.com,+48 730 421 836,2024-10-10,,Active,Permanent,1.0,Payroll Specialist,mid,HR,422.0,8111.08,PLN,Monthly,0.0,P2,Warsaw,Poland,Hybrid,102,2,20,20,MBA,"Negotiation, Azure, Salesforce, Java",Polish,,2,Filip +48 602 716 496,True,,24,97332.96,24333.24
76,Jonas,Schwarz,M,1995-07-10,Steuer-ID,71 811 522 160,jonas.schwarz@globalcorp.com,+49 281 5099286,2022-01-16,,Active,Fixed-term,1.0,Graphic Designer,mid,Marketing,126.0,4177.85,EUR,Monthly,0.0,P2,Düsseldorf,Germany,Hybrid,33,3,20,20,Bachelor,"Scrum, Project Management, AWS, Excel, Photoshop",German,,2,Katrin +49 291 1592866,True,,29,50134.2,54144.94
77,Sebastian,Schäfer,M,1976-07-24,Steuer-ID,25 462 673 255,sebastian.schafer@globalcorp.com,+49 159 2069721,2005-06-16,,Active,Permanent,1.0,Legal Counsel,mid,Legal,330.0,5436.21,EUR,Monthly,3026.75,P2,Dortmund,Germany,On-site,31,4,26,17,Bachelor,"Scrum, Power BI, Lean Six Sigma, AWS","German, English",,4,Eva +49 351 4282083,True,,48,68261.27,73722.17
78,Miguel,Pérez,M,1984-02-22,DNI,05159573Y,miguel.perez@globalcorp.com,+34 640 612255,2003-05-02,,Active,Fixed-term,1.0,Data Scientist,lead,IT,259.0,8384.31,EUR,Monthly,12250.71,P4,Malaga,Spain,On-site,61,3,26,25,PhD,"Figma, AutoCAD","Spanish, English",,0,Laura +34 624 203187,True,,41,112862.43,121891.42
79,Florian,Garnier,M,1995-02-21,INSEE,1 95 02 21 88 830 1,florian.garnier@globalcorp.com,+33 7 15 01 46 69,2022-06-21,,Active,Permanent,0.75,Legal Counsel,mid,Legal,325.0,4893.74,EUR,Monthly,0.0,P2,Nice,France,On-site,74,1,20,16,PhD,"Figma, React","French, English",2024-10-08,3,Côme +33 7 34 37 68 89,True,,30,58724.88,63422.87
80,Sara,Kroon,F,1994-01-28,BSN,258.072.611,sara.kroon@globalcorp.com,+31 6 44417998,2023-12-09,2025-03-22,Terminated,B2B,1.0,Finance Manager,manager,Finance,,12728.15,EUR,Monthly,22624.04,P5,Eindhoven,Netherlands,Remote,35,4,20,5,Bachelor,"Negotiation, AWS, Lean Six Sigma, Jira, Figma","Dutch, English, Russian, Polish",2025-05-19,4,Olivier +31 6 34118407,False,1.28,31,175361.84,189390.79
81,Francisco,Gil,M,1982-12-24,DNI,78964126C,francisco.gil@globalcorp.com,+34 675 186080,2012-12-25,,Active,Contractor,1.0,Key Account Manager,manager,Sales,,9300.76,EUR,Monthly,6654.81,P5,Zaragoza,Spain,Hybrid,104,3,26,0,Master,"Salesforce, Power BI, Kotlin, Photoshop","Spanish, English",,4,Gabriela +34 673 326529,True,,42,118263.93,127725.04
82,Samuel,Campbell,M,1990-02-21,NINO,JM 14 21 15 B,samuel.campbell@globalcorp.com,+44 7917 447979,2022-06-27,,Active,Permanent,1.0,Business Development Manager,manager,Sales,,10720.72,GBP,Monthly,17626.82,P5,Cardiff,UK,Remote,22,3,20,20,PhD,"Financial Analysis, Kotlin, Excel, PRINCE2",English,,3,Nora +44 7454 984975,True,,35,146275.46,185769.83
83,Anna,van der Meer,F,1980-06-04,BSN,434.289.073,anna.vandermeer@globalcorp.com,+31 6 49735689,2023-08-14,,Active,Permanent,1.0,Supply Chain Analyst,mid,Logistics,276.0,5019.06,EUR,Monthly,2198.14,P2,Nijmegen,Netherlands,Hybrid,75,1,20,8,Master,"Project Management, Docker, AWS, Salesforce, SAP","Dutch, English, German",,0,Lisa +31 6 14584194,False,,45,62426.86,67421.01
84,Zuzanna,Walczak,F,1970-04-16,PESEL,70041614296,zuzanna.walczak@globalcorp.com,+48 697 927 109,2008-08-17,,Active,Permanent,1.0,Frontend Developer,mid,IT,349.0,7773.28,PLN,Monthly,0.0,P2,Wroclaw,Poland,Remote,103,3,26,23,Master,"PRINCE2, Financial Analysis, Azure","Polish, English, Italian",2012-03-29,2,Piotr +48 728 751 145,True,,55,93279.36,23319.84
85,Dariusz,Walczak,M,1983-07-19,PESEL,83071915529,dariusz.walczak@globalcorp.com,+48 519 662 585,2006-07-26,,On Leave,Permanent,1.0,Inside Sales Specialist,junior,Sales,236.0,6433.42,PLN,Monthly,4724.41,P1,Poznan,Poland,Hybrid,81,3,26,7,Bachelor,"PRINCE2, Excel","Polish, English, Spanish",2021-07-26,0,Martyna +48 601 432 252,True,,41,81925.45,20481.36
86,Antoni,Adamczyk,M,1983-10-25,PESEL,83102512349,antoni.adamczyk@globalcorp.com,+48 517 745 152,2002-05-06,,Active,Permanent,1.0,Forklift Operator,junior,Logistics,257.0,4803.46,PLN,Monthly,0.0,P1,Katowice,Poland,Remote,48,4,26,9,High School,"Jira, Kotlin, Azure, Salesforce, SAP","Polish, English, Korean",2010-07-06,3,Filip +48 667 176 172,False,,41,57641.52,14410.38
87,Lisa,De Luca,F,1979-10-08,Codice Fiscale,DLCLSI79R48639E,lisa.deluca@globalcorp.com,+39 393 2407709,2018-10-03,,Active,Permanent,0.75,Backend Developer,mid,IT,431.0,4307.63,EUR,Monthly,7289.37,P2,Rome,Italy,Remote,84,4,20,17,Master,"React, Figma, SAP, Negotiation, Power BI","Italian, English, Polish",,4,Irene +39 342 6834150,True,,45,58980.93,63699.4
88,Nora,Martinez,F,1990-04-21,NINO,JB 19 89 55 D,nora.martinez@globalcorp.com,+44 7704 840962,2017-12-21,2024-04-18,Terminated,Internship,1.0,Maintenance Technician,mid,Operations,472.0,4854.64,GBP,Monthly,0.0,P2,Leeds,UK,Hybrid,51,1,20,11,Master,"Negotiation, Docker, Lean Six Sigma, Power BI","English, Japanese",,5,Zara +44 7401 814794,True,6.32,35,58255.68,73984.71
89,Maja,Kaczmarek,F,1982-10-06,PESEL,82100665448,maja.kaczmarek@globalcorp.com,+48 667 768 732,2004-07-25,2015-04-17,Terminated,Permanent,1.0,Logistics Manager,manager,Logistics,,28495.56,PLN,Monthly,0.0,P5,Gdansk,Poland,On-site,39,4,26,18,Bachelor,"Kubernetes, React, Java","Polish, English, Portuguese",,2,Daniel +48 722 375 221,True,10.73,42,341946.72,85486.68
90,Margaret,Lopez,F,1988-06-29,NINO,HM 01 78 10 A,margaret.lopez@globalcorp.com,+44 7921 517554,2007-07-11,,On Leave,Contractor,0.8,Logistics Coordinator,mid,Logistics,394.0,5168.24,GBP,Monthly,7007.73,P2,Liverpool,UK,Hybrid,54,4,26,8,Bachelor,"Kotlin, Python, ITIL, Azure, AWS","English, Japanese",,4,Joseph +44 7701 756767,True,,37,69026.61,87663.79
91,Emil,Dabrowski,M,1992-10-29,PESEL,92102981134,emil.dabrowski@globalcorp.com,+48 791 564 903,2025-01-17,,Active,Permanent,1.0,Quality Inspector,mid,Operations,10.0,6189.86,PLN,Monthly,16437.61,P2,Krakow,Poland,On-site,49,4,20,12,Bachelor,"Salesforce, SAP, Lean Six Sigma, AWS, Python","Polish, English",,4,Irena +48 721 119 976,False,,32,90715.93,22678.98
92,Irene,Romero,F,2005-05-11,DNI,30947718E,irene.romero@globalcorp.com,+34 672 219633,2024-01-16,,Active,Permanent,1.0,QA Specialist,mid,IT,375.0,3102.77,EUR,Monthly,0.0,P2,Barcelona,Spain,On-site,9,5,20,10,Master,"Kotlin, Excel, Figma","Spanish, English",2025-04-18,3,Nicolás +34 607 935729,True,,20,37233.24,40211.9
93,Harper,Jackson,F,1983-08-15,NINO,NP 28 94 08 D,harper.jackson@globalcorp.com,+44 7805 890543,2009-06-06,,Active,Permanent,1.0,Mid Developer,mid,IT,378.0,5672.42,GBP,Monthly,0.0,P2,London,UK,Hybrid,56,4,26,25,Bachelor,"Jira, Project Management, Lean Six Sigma, Docker, Java",English,2019-02-24,2,Maisie +44 7402 493172,False,,41,68069.04,86447.68
94,Florian,Wagner,M,1996-03-03,Steuer-ID,55 209 426 002,florian.wagner@globalcorp.com,+49 163 8547733,2021-04-16,,Active,Contractor,1.0,Operations Manager,manager,Operations,,152269.97,EUR,Annual,12492.99,P5,Cologne,Germany,Remote,26,3,20,10,Bachelor,"Java, AutoCAD, ITIL, Project Management, Kubernetes","German, English",2024-08-16,4,Sabine +49 391 2750694,True,,29,164762.96,177944.0
95,Lisa,Lange,F,1987-08-28,Steuer-ID,43 133 558 829,lisa.lange@globalcorp.com,+49 162 8839771,2012-11-19,2024-12-21,Terminated,Permanent,1.0,Financial Analyst,mid,Finance,436.0,5885.17,EUR,Monthly,9094.25,P2,Dortmund,Germany,On-site,31,3,26,2,High School,"Project Management, Java, Docker","German, English",2020-02-13,4,Hanna +49 172 4166403,False,12.09,37,79716.29,86093.59
96,Elena,Gil,F,1987-07-25,DNI,51378311Z,elena.gil@globalcorp.com,+34 676 236516,2023-10-05,,Active,Permanent,1.0,Forklift Operator,junior,Logistics,351.0,2024.11,EUR,Monthly,0.0,P1,Alicante,Spain,On-site,2,3,20,15,PhD,"ITIL, Accounting, AWS, SQL","Spanish, English, Mandarin",2025-06-16,4,Hugo +34 670 938129,True,,37,24289.32,26232.47
97,Manfred,Meyer,M,1984-08-31,Steuer-ID,16 546 871 587,manfred.meyer@globalcorp.com,+49 41 2051126,2018-03-17,,Active,B2B,1.0,Content Manager,manager,Marketing,,14266.83,EUR,Monthly,7941.94,P5,Hamburg,Germany,Remote,44,3,20,20,Master,"Salesforce, Python, SQL, Figma","German, English, Spanish",2021-11-22,5,Bernd +49 351 3235625,False,,40,179143.9,193475.41
98,Grzegorz,Kowalski,M,1986-10-10,PESEL,86101039738,grzegorz.kowalski@globalcorp.com,+48 691 930 285,2012-03-09,,On Leave,B2B,0.25,Mid Developer,mid,IT,109.0,8701.3,PLN,Monthly,8470.09,P2,Krakow,Poland,On-site,49,5,26,23,Bachelor,"Negotiation, Jira, Java","Polish, English",2013-03-09,2,Kinga +48 517 429 285,True,,38,112885.69,28221.42
99,Jan,Baran,Other,1982-03-11,PESEL,82031190002,jan.baran@globalcorp.com,+48 519 480 431,2006-12-09,,Probation,Fixed-term,1.0,Backend Developer,mid,IT,299.0,7981.53,PLN,Monthly,4393.18,P2,Katowice,Poland,On-site,48,3,26,2,Bachelor,"Tableau, Oracle, Docker, Excel","Polish, English",2016-12-24,2,Oliwia +48 515 623 208,False,,43,100171.54,25042.88
100,Akash,Menon,M,1994-04-20,Aadhaar,5180 0324 2355,akash.menon@globalcorp.com,+91 64212 09938,2023-08-25,,Active,Permanent,1.0,Key Account Manager,manager,Sales,,404291.65,INR,Monthly,735287.74,P5,Pune,India,Hybrid,82,3,20,20,Bachelor,"PRINCE2, SQL, React, AWS, Accounting","Hindi, English",,4,Aditi +91 97072 69138,False,,31,5586787.54,67041.45
101,Camila,Garcia,F,1977-12-01,SSN,841-48-5642,camila.garcia@globalcorp.com,+1 (568) 928-2558,2013-06-02,,On Leave,Permanent,1.0,Legal Director,manager,Legal,,28027.35,USD,Monthly,50907.18,P5,Phoenix,USA,Remote,80,5,26,9,Master,"PMP, Lean Six Sigma, Kotlin, Java, React","English, French, Korean",2016-09-22,1,Daniel +1 (408) 638-9964,True,,47,387235.38,387235.38
102,Marcos,Vázquez,M,1969-12-23,DNI,61683132F,marcos.vazquez@globalcorp.com,+34 618 765842,2022-06-07,,Active,B2B,0.8,Business Development Manager,manager,Sales,,8709.38,EUR,Monthly,0.0,P5,Barcelona,Spain,Hybrid,9,4,20,17,Master,"Kotlin, React, Excel, Jira","Spanish, German",2025-02-03,1,José +34 627 816195,True,,55,104512.56,112873.56
103,Markus,Fischer,M,1979-08-16,Steuer-ID,58 513 635 636,markus.fischer@globalcorp.com,+49 173 8411850,2007-03-30,,Active,Fixed-term,1.0,Accountant,senior,Finance,344.0,9701.57,EUR,Monthly,6644.39,P3,Berlin,Germany,Hybrid,11,3,26,17,Master,"ITIL, Azure, PRINCE2, Salesforce","German, English, Dutch",2019-09-21,4,Felix +49 201 3844778,True,,45,123063.23,132908.29
104,Ajay,Shah,M,1978-06-11,Aadhaar,3134 0850 8801,ajay.shah@globalcorp.com,+91 74470 77897,1997-01-20,,Active,Fixed-term,1.0,Forklift Operator,junior,Logistics,384.0,44408.2,INR,Monthly,29075.8,P1,Pune,India,Hybrid,82,5,26,26,Master,"PRINCE2, Project Management, Negotiation, Java","Hindi, English",2013-10-06,2,Raj +91 82398 96521,True,,47,561974.2,6743.69
105,Giulio,Leone,M,1979-10-01,Codice Fiscale,LNEGLI79R01427E,giulio.leone@globalcorp.com,+39 354 5195048,2022-09-11,,Probation,Permanent,1.0,Business Development Manager,manager,Sales,,130169.86,EUR,Annual,0.0,P5,Genoa,Italy,Hybrid,40,3,20,7,High School,"AWS, React, PRINCE2, Lean Six Sigma, Jira","Italian, Korean",,7,Alice +39 346 8087787,True,,45,130169.86,140583.45
106,Filippo,Colombo,M,1983-05-30,Codice Fiscale,CLMFLP83E30556T,filippo.colombo@globalcorp.com,+39 345 8444372,2007-03-04,,On Leave,Permanent,0.8,Operations Analyst,mid,Operations,199.0,4594.08,EUR,Monthly,1923.4,P2,Naples,Italy,Remote,71,3,26,16,Bachelor,"Accounting, Photoshop, PMP",Italian,2018-01-25,3,Alessandro +39 386 2534588,True,,42,57052.36,61616.55
107,Thomas,Miller,M,1979-05-24,NINO,SL 60 69 54 B,thomas.miller@globalcorp.com,+44 7702 615377,2021-02-24,,Active,Contractor,1.0,Shift Leader,lead,Operations,371.0,8321.43,GBP,Monthly,6826.97,P4,Edinburgh,UK,Remote,34,3,20,14,High School,"React, Project Management","English, Dutch, Korean",2022-10-25,3,Oscar +44 7700 932017,False,,46,106684.13,135488.85
108,Andrea,Bauer,F,1983-07-27,Steuer-ID,90 218 496 552,andrea.bauer@globalcorp.com,+49 160 3855908,2018-07-21,,Active,B2B,1.0,Operations Manager,manager,Operations,,11584.63,EUR,Monthly,25016.39,P5,Frankfurt,Germany,Hybrid,38,5,20,3,Master,"Excel, Jira, Salesforce, Scrum, Project Management",German,2024-06-12,4,Helga +49 152 8677260,False,,41,164031.95,177154.51
109,Igor,Kwiatkowski,M,1979-04-07,PESEL,79040760564,igor.kwiatkowski@globalcorp.com,+48 604 491 551,2003-10-22,,Active,Permanent,1.0,Scrum Master,lead,IT,349.0,17370.98,PLN,Monthly,13624.91,P4,Bydgoszcz,Poland,Hybrid,21,3,26,20,Bachelor,"Salesforce, Kotlin, Figma, Project Management, Photoshop","Polish, English, Japanese",2008-02-23,2,Irena +48 514 803 130,True,,46,222076.67,55519.17
110,Penelope,Mitchell,F,1989-05-25,SSN,868-55-9388,penelope.mitchell@globalcorp.com,+1 (772) 545-2352,2021-02-03,,Active,Contractor,1.0,Supply Chain Analyst,mid,Logistics,394.0,7957.29,USD,Monthly,0.0,P2,Phoenix,USA,Hybrid,80,3,20,3,Master,"Kubernetes, AutoCAD","English, Arabic",2025-06-10,3,Owen +1 (329) 208-6035,True,,36,95487.48,95487.48
111,Henry,Campbell,M,2005-10-08,NINO,YM 41 28 13 C,henry.campbell@globalcorp.com,+44 7801 149219,2023-11-28,2024-08-12,Terminated,Fixed-term,1.0,Brand Manager,manager,Marketing,,8296.05,GBP,Monthly,0.0,P5,Birmingham,UK,On-site,14,4,20,17,Bachelor,"ITIL, Project Management, Jira, AWS, Power BI","English, Korean, German",,3,Harper +44 7705 408307,True,0.71,19,99552.6,126431.8
112,Marek,Wisniewski,M,1987-05-30,PESEL,87053031799,marek.wisniewski@globalcorp.com,+48 729 792 302,2013-04-15,,Active,Permanent,1.0,Tech Lead,lead,IT,29.0,16792.47,PLN,Monthly,0.0,P4,Szczecin,Poland,Hybrid,92,4,26,3,Master,"PRINCE2, Project Management, Photoshop","Polish, English",2024-11-15,4,Agnieszka +48 518 144 241,False,,38,201509.64,50377.41
113,Ulrich,Weber,M,1980-02-18,Steuer-ID,60 278 980 710,ulrich.weber@globalcorp.com,+49 176 1248977,2007-11-21,2023-10-18,Terminated,Permanent,1.0,Dispatcher,junior,Logistics,394.0,4413.92,EUR,Monthly,3558.95,P1,Essen,Germany,On-site,36,2,26,4,Bachelor,"Lean Six Sigma, SQL, Java",German,2011-03-06,2,Christian +49 43 6478333,False,15.91,45,56525.99,61048.07
114,Clara,Leroy,Other,1961-12-17,INSEE,2 61 12 17 66 529 0,clara.leroy@globalcorp.com,+33 6 09 16 52 81,2009-11-12,,Active,B2B,0.8,Sales Manager,manager,Sales,,90.36,EUR,Hourly,0.0,P5,Le Havre,France,Remote,50,3,26,13,Bachelor,"AWS, Python, Azure, Financial Analysis, Accounting","French, English",,2,Etienne +33 7 41 99 78 58,True,,63,182165.76,196739.02
115,Katarzyna,Wilk,F,2004-02-13,PESEL,04221368286,katarzyna.wilk@globalcorp.com,+48 731 765 670,2023-12-04,,Active,Permanent,0.5,Legal Counsel,mid,Legal,224.0,6279.16,PLN,Monthly,0.0,P2,Katowice,Poland,Hybrid,48,5,20,3,Master,"Project Management, Salesforce","Polish, German",2024-12-29,3,Alicja +48 519 250 867,True,,21,75349.92,18837.48
116,Charles,Allen,M,1987-04-07,SSN,062-53-8344,charles.allen@globalcorp.com,+1 (902) 522-3534,2017-08-25,,Active,Fixed-term,1.0,Sales Representative,mid,Sales,478.0,113807.58,USD,Annual,4782.25,P2,Phoenix,USA,Hybrid,80,4,20,1,High School,"Jira, React, Negotiation",English,,3,Ryan +1 (782) 315-5030,True,,38,118589.83,118589.83
117,Giulio,Bianchi,M,1983-11-25,Codice Fiscale,BNCGLI83S25495G,giulio.bianchi@globalcorp.com,+39 329 9319326,2013-02-18,,Probation,B2B,1.0,Training Coordinator,mid,HR,8.0,28.51,EUR,Hourly,0.0,P2,Milan,Italy,Hybrid,65,3,26,1,Bachelor,"Azure, Project Management, Tableau, PMP, Power BI","Italian, English",2025-04-24,1,Edoardo +39 334 1982235,True,,41,57476.16,62074.25
118,Marta,Rinaldi,F,1962-12-18,Codice Fiscale,RNLMRT62T58570H,marta.rinaldi@globalcorp.com,+39 346 8464519,2013-11-27,,Active,Permanent,1.0,Sales Director,manager,Sales,,11668.35,EUR,Monthly,3257.98,P5,Naples,Italy,Remote,71,3,26,7,Bachelor,"Lean Six Sigma, Docker, Java, SQL, Power BI","Italian, English, Spanish",2016-05-31,4,Giovanni +39 359 1048821,False,,62,143278.18,154740.43
119,Lucy,Davis,F,1983-04-30,NINO,MY 08 88 45 B,lucy.davis@globalcorp.com,+44 7455 959498,2005-03-11,,Active,Contractor,1.0,Legal Director,manager,Legal,,86.19,GBP,Hourly,5981.97,P5,Cardiff,UK,Remote,22,3,26,13,Master,"Financial Analysis, Python",English,2008-05-01,5,James +44 7911 234410,False,,42,179741.01,228271.08
120,Carmen,Hernández,F,1986-09-28,DNI,28571769L,carmen.hernandez@globalcorp.com,+34 681 377235,2019-08-28,,Active,Permanent,1.0,Process Engineer,mid,Operations,107.0,46112.83,EUR,Annual,5261.85,P2,Barcelona,Spain,Hybrid,9,4,20,0,Bachelor,"Excel, PRINCE2","Spanish, English",2023-12-14,2,Alejandra +34 681 802022,True,,38,51374.68,55484.65
121,Hugo,Bertrand,M,1979-10-06,INSEE,1 79 10 06 13 585 4,hugo.bertrand@globalcorp.com,+33 6 72 02 51 39,1999-02-24,,On Leave,Permanent,1.0,Copywriter,mid,Marketing,311.0,4858.24,EUR,Monthly,6976.24,P2,Montpellier,France,On-site,66,3,26,3,PhD,"Financial Analysis, Kubernetes, Jira","French, English",2022-06-20,3,Côme +33 6 73 44 54 00,True,,45,65275.12,70497.13
122,Eduardo,Álvarez,M,1971-02-03,DNI,55042624J,eduardo.alvarez@globalcorp.com,+34 604 145311,1992-03-20,2005-04-22,Terminated,Fixed-term,0.5,IT Manager,manager,IT,,9842.8,EUR,Monthly,10219.1,P5,Cordoba,Spain,Hybrid,27,4,26,16,MBA,"Java, SQL, Financial Analysis","Spanish, English, Polish",,3,Adrián +34 617 835522,True,13.09,54,128332.7,138599.32
123,Pola,Kucharski,Other,1971-05-03,PESEL,71050365702,pola.kucharski@globalcorp.com,+48 663 111 125,2015-07-03,2019-12-26,Terminated,Fixed-term,1.0,Recruiter,mid,HR,345.0,10585.71,PLN,Monthly,13450.35,P2,Bialystok,Poland,On-site,12,2,20,6,Master,"PRINCE2, Azure, Figma","Polish, English",,6,Weronika +48 665 124 164,False,4.48,54,140478.87,35119.72
124,Amelia,Campbell,F,2004-02-03,NINO,TS 00 82 84 B,amelia.campbell@globalcorp.com,+44 7450 192030,2022-08-18,,Active,Permanent,0.75,Key Account Manager,manager,Sales,,11255.12,GBP,Monthly,14230.77,P5,Cardiff,UK,Hybrid,22,4,20,15,Bachelor,"AutoCAD, Oracle, Figma, SQL","English, French",2024-05-21,1,Margaret +44 7700 893476,False,,21,149292.21,189601.11
125,Aleksandra,Dudek,Other,1985-07-26,PESEL,85072634564,aleksandra.dudek@globalcorp.com,+48 724 210 570,2020-06-14,2023-12-08,Terminated,Fixed-term,1.0,Warehouse Worker,junior,Logistics,302.0,5590.23,PLN,Monthly,0.0,P1,Poznan,Poland,On-site,81,2,20,17,Master,"Oracle, Kubernetes, Salesforce, PRINCE2, Jira","Polish, English",,3,Agnieszka +48 730 221 871,True,3.48,39,67082.76,16770.69
126,Charlotte,Brown,F,1979-02-22,NINO,CK 31 35 60 D,charlotte.brown@globalcorp.com,+44 7912 663258,2000-11-27,,Active,Contractor,1.0,Content Manager,manager,Marketing,,15437.21,GBP,Monthly,0.0,P5,Birmingham,UK,Remote,14,4,26,0,High School,"PRINCE2, Negotiation, Financial Analysis",English,2014-07-10,2,Charlotte +44 7703 575875,True,,46,185246.52,235263.08
127,Michael,Krüger,M,1985-05-28,Steuer-ID,86 948 751 599,michael.kruger@globalcorp.com,+49 381 4219584,2006-08-23,,Active,B2B,1.0,QA Engineer,mid,IT,112.0,5451.48,EUR,Monthly,1984.49,P2,Bremen,Germany,On-site,19,1,26,25,PhD,"Salesforce, Kotlin, Figma, Scrum, Kubernetes","German, English",2023-12-17,3,Martin +49 351 7930267,False,,40,67402.25,72794.43
128,Barbara,Jaworski,F,1984-06-16,PESEL,84061650224,barbara.jaworski@globalcorp.com,+48 731 161 196,2023-12-09,,Active,B2B,1.0,Content Manager,manager,Marketing,,20479.02,PLN,Monthly,8132.89,P5,Warsaw,Poland,Hybrid,102,2,20,14,Master,"Python, Lean Six Sigma, Scrum, Photoshop, AutoCAD","Polish, English, Hindi",2025-01-12,2,Malgorzata +48 791 471 791,False,,41,253881.13,63470.28
129,Filip,Mazur,M,1970-05-14,PESEL,70051477300,filip.mazur@globalcorp.com,+48 729 161 272,1994-12-13,,Active,Permanent,1.0,Audit Specialist,mid,Finance,2.0,10083.85,PLN,Monthly,13486.44,P2,Warsaw,Poland,Hybrid,102,2,26,22,Bachelor,"Oracle, Docker, Azure, PMP","Polish, English, French",2005-05-29,5,Paulina +48 512 526 729,True,,55,134492.64,33623.16
130,Edouard,Michel,M,1994-03-15,INSEE,1 94 03 15 15 605 0,edouard.michel@globalcorp.com,+33 6 01 56 09 06,2024-05-06,,Probation,Permanent,1.0,Sales Director,manager,Sales,,8508.19,EUR,Monthly,19288.09,P5,Le Havre,France,Hybrid,50,3,20,10,Bachelor,"Kubernetes, Excel, Python, Accounting","French, English, Mandarin",,3,Rémi +33 6 64 60 06 96,True,,31,121386.37,131097.28
131,Damian,Pawlowski,M,1983-06-24,PESEL,83062499131,damian.pawlowski@globalcorp.com,+48 724 568 541,2009-11-02,,Probation,Fixed-term,1.0,Supply Chain Analyst,mid,Logistics,276.0,9749.05,PLN,Monthly,0.0,P2,Gdansk,Poland,Hybrid,39,3,26,0,Master,"Salesforce, Kotlin","Polish, English, Dutch",,2,Sylwia +48 729 352 192,False,,42,116988.6,29247.15
132,Charles,Williams,M,1986-06-05,SSN,399-32-4405,charles.williams@globalcorp.com,+1 (287) 392-8654,2021-03-24,,Active,Permanent,1.0,Marketing Director,manager,Marketing,,28106.18,USD,Monthly,0.0,P5,Philadelphia,USA,Remote,79,4,20,18,PhD,"Scrum, Lean Six Sigma, PRINCE2, Jira","English, German",2022-06-16,3,Aubrey +1 (695) 815-5688,False,,39,337274.16,337274.16
133,Émilie,Morel,F,1999-10-27,INSEE,2 99 10 27 01 634 2,emilie.morel@globalcorp.com,+33 6 07 60 01 06,2025-01-11,,Active,B2B,1.0,Finance Manager,manager,Finance,,11233.74,EUR,Monthly,21683.51,P5,Paris,France,Hybrid,78,4,20,11,Master,"AWS, Azure, PMP, Python, Photoshop","French, English",,3,Olivia +33 7 55 07 68 01,False,,25,156488.39,169007.46
134,Nina,Schäfer,F,1971-12-22,Steuer-ID,53 271 008 318,nina.schafer@globalcorp.com,+49 163 6462745,1994-02-13,2006-09-01,Terminated,Permanent,1.0,Sales Representative,mid,Sales,236.0,5592.82,EUR,Monthly,7933.41,P2,Cologne,Germany,Hybrid,26,3,26,1,Master,"Salesforce, Financial Analysis, Azure, Docker, Excel","German, English",,3,Eva +49 271 6286847,True,12.55,53,75047.25,81051.03
135,Elise,Lefevre,F,1977-11-03,INSEE,2 77 11 03 15 402 7,elise.lefevre@globalcorp.com,+33 6 97 34 00 50,2005-08-21,,Probation,Permanent,1.0,QA Specialist,mid,IT,194.0,5832.0,EUR,Monthly,7690.68,P2,Rennes,France,Hybrid,83,3,26,4,Master,"SQL, Project Management, Power BI","French, English, Dutch",2014-01-23,4,Pierre +33 7 61 74 56 73,True,,47,77674.68,83888.65
136,Martyna,Kruk,F,1988-03-10,PESEL,88031011868,martyna.kruk@globalcorp.com,+48 694 443 225,2017-04-10,2018-07-21,Terminated,Permanent,0.25,Logistics Coordinator,mid,Logistics,258.0,41.66,PLN,Hourly,14004.63,P2,Poznan,Poland,Remote,81,3,20,4,Master,"PMP, Power BI, Project Management, React, Salesforce",Polish,,3,Adam +48 519 968 300,True,1.28,37,97991.19,24497.8
137,Vikram,Pillai,M,1993-06-21,Aadhaar,6723 9806 8560,vikram.pillai@globalcorp.com,+91 85715 82874,2023-08-11,,Active,Permanent,1.0,Recruiter,mid,HR,439.0,89027.62,INR,Monthly,0.0,P2,Bangalore,India,Remote,8,4,20,7,Master,"Docker, AutoCAD, AWS, Power BI","Hindi, English, Italian",2025-04-28,4,Ishaan +91 92436 55585,False,,32,1068331.44,12819.98
138,Samuel,Jackson,M,1978-02-09,NINO,AA 19 67 29 A,samuel.jackson@globalcorp.com,+44 7918 970067,2001-08-10,,Active,Permanent,1.0,Content Manager,manager,Marketing,,10924.76,GBP,Monthly,0.0,P5,Leeds,UK,Hybrid,51,2,26,11,Bachelor,"SAP, Jira","English, Korean",2005-01-26,4,Amelia +44 7918 183992,False,,47,131097.12,166493.34
139,Jelle,Meijer,M,1979-03-09,BSN,617.263.772,jelle.meijer@globalcorp.com,+31 6 29817963,2002-06-22,2023-02-11,Terminated,Fixed-term,1.0,HR Specialist,mid,HR,422.0,6476.06,EUR,Monthly,6337.33,P2,Breda,Netherlands,Hybrid,18,3,26,11,Master,"React, Kotlin, AWS, Docker, PMP","Dutch, English",2004-06-05,0,Lily +31 6 13985239,True,20.64,46,84050.05,90774.05
140,Dariusz,Tomczak,M,1991-04-19,PESEL,91041965540,dariusz.tomczak@globalcorp.com,+48 512 216 138,2015-04-07,2019-12-10,Terminated,Fixed-term,1.0,Account Manager,manager,Sales,,26470.13,PLN,Monthly,24065.98,P5,Bydgoszcz,Poland,On-site,21,2,26,23,Master,"Java, ITIL, PMP, SAP, Financial Analysis","Polish, English",,3,Adrian +48 691 847 443,False,4.68,34,341707.54,85426.88
141,Mohammed,Scott,M,2005-02-18,NINO,HP 90 98 56 B,mohammed.scott@globalcorp.com,+44 7701 943283,2023-08-13,,Active,Permanent,1.0,Dispatcher,junior,Logistics,110.0,2727.53,GBP,Monthly,0.0,P1,Manchester,UK,On-site,62,3,20,19,Bachelor,"Negotiation, Excel, PRINCE2","English, Spanish, Russian",2025-06-02,0,Grace +44 7702 783280,False,,20,32730.36,41567.56
142,David,Perez,M,1985-04-21,NINO,CN 82 77 73 B,david.perez@globalcorp.com,+44 7803 654920,2009-03-25,,Active,Permanent,1.0,Sales Representative,mid,Sales,7.0,5201.38,GBP,Monthly,3594.69,P2,Glasgow,UK,On-site,41,3,26,18,Bachelor,"Jira, PMP, Azure",English,2012-11-23,3,Zara +44 7912 406336,True,,40,66011.25,83834.29
143,Brooklyn,Nelson,F,1977-07-22,SSN,375-85-9004,brooklyn.nelson@globalcorp.com,+1 (267) 612-4443,1999-06-11,,Active,B2B,1.0,DevOps Engineer,mid,IT,51.0,8580.8,USD,Monthly,5657.0,P2,Chicago,USA,On-site,25,2,26,17,High School,"ITIL, Docker, PRINCE2","English, Korean",2016-07-07,7,Isabella +1 (230) 988-8554,True,,47,108626.6,108626.6
144,Claire,Robert,F,1974-10-14,INSEE,2 74 10 14 40 972 1,claire.robert@globalcorp.com,+33 6 22 95 40 74,2019-11-25,,Active,Permanent,1.0,Treasury Specialist,mid,Finance,14.0,4543.91,EUR,Monthly,4948.71,P2,Lyon,France,On-site,59,2,20,18,Bachelor,"Lean Six Sigma, Docker","French, English",2025-05-24,5,Elise +33 7 24 13 53 78,False,,50,59475.63,64233.68
145,Logan,Adams,M,1983-06-03,NINO,NK 06 69 70 C,logan.adams@globalcorp.com,+44 7701 700252,2020-08-07,2025-02-21,Terminated,Permanent,1.0,Sales Manager,manager,Sales,,12514.89,GBP,Monthly,0.0,P5,London,UK,Remote,56,4,20,5,Master,"React, Accounting, Project Management",English,,2,Eleanor +44 7700 373198,True,4.54,42,150178.68,190726.92
146,Tobias,Schneider,M,1993-04-14,Steuer-ID,74 486 642 596,tobias.schneider@globalcorp.com,+49 163 5798778,2013-05-02,,Active,Permanent,0.5,Business Development Manager,manager,Sales,,16167.94,EUR,Monthly,0.0,P5,Cologne,Germany,Remote,26,2,26,15,Bachelor,"Python, SQL","German, English",2016-03-12,3,Barbara +49 41 2140285,False,,32,194015.28,209536.5
147,Eva,Weber,F,2005-10-08,Steuer-ID,71 929 498 796,eva.weber@globalcorp.com,+49 92 5175827,2024-09-10,,Active,Fixed-term,0.5,Operations Analyst,mid,Operations,308.0,4142.6,EUR,Monthly,0.0,P2,Frankfurt,Germany,Remote,38,3,20,13,Master,"AWS, Azure, SAP","German, Japanese",,3,Thomas +49 251 3579301,True,,19,49711.2,53688.1
148,Emmanuel,Bertrand,M,1981-06-17,INSEE,1 81 06 17 81 254 2,emmanuel.bertrand@globalcorp.com,+33 6 20 53 16 13,2016-04-13,,Active,Contractor,1.0,Bookkeeper,junior,Finance,353.0,43676.66,EUR,Annual,0.0,P1,Marseille,France,Hybrid,63,3,20,5,High School,"Lean Six Sigma, Oracle, Docker, Figma","French, English",,1,Guillaume +33 7 45 02 23 85,False,,44,43676.66,47170.79
149,Henry,Williams,M,1985-12-15,NINO,BN 87 55 68 D,henry.williams@globalcorp.com,+44 7922 159681,2017-06-21,2020-09-20,Terminated,Fixed-term,1.0,Operations Manager,manager,Operations,,13261.36,GBP,Monthly,0.0,P5,London,UK,Hybrid,56,4,20,19,PhD,"SQL, Negotiation, Azure",English,,3,Poppy +44 7703 793011,False,3.25,39,159136.32,202103.13
150,Krystyna,Wisniewski,F,2002-01-20,PESEL,02212019858,krystyna.wisniewski@globalcorp.com,+48 602 385 557,2025-05-28,,Active,Internship,1.0,Marketing Director,manager,Marketing,,154.07,PLN,Hourly,10273.65,P5,Warsaw,Poland,On-site,102,4,20,4,Master,"Java, Python, Jira, Photoshop, Kotlin","Polish, English, Italian",,4,Filip +48 728 648 134,False,,23,320878.77,80219.69
151,Eline,de Jong,F,1987-12-16,BSN,418.463.578,eline.dejong@globalcorp.com,+31 6 29730245,2018-06-27,,Active,Contractor,1.0,Treasury Specialist,mid,Finance,313.0,4881.12,EUR,Monthly,2122.63,P2,Amsterdam,Netherlands,Hybrid,4,2,20,1,Master,"Negotiation, Azure, Java, Tableau, AWS","Dutch, English, Portuguese",2021-02-15,2,Gwen +31 6 31000979,False,,37,60696.07,65551.76
152,Anthony,Lee,M,1987-08-19,SSN,187-67-9146,anthony.lee@globalcorp.com,+1 (204) 957-5812,2019-04-12,,Active,Permanent,1.0,Business Development Manager,manager,Sales,,19708.81,USD,Monthly,46034.95,P5,Dallas,USA,Hybrid,28,4,20,6,Master,"Lean Six Sigma, Power BI, Salesforce",English,2020-12-28,1,Julia +1 (628) 684-6193,True,,37,282540.67,282540.67
153,Sebastian,Walczak,M,1999-02-03,PESEL,99020367712,sebastian.walczak@globalcorp.com,+48 513 204 192,2017-05-14,,Active,Permanent,1.0,QA Specialist,mid,IT,259.0,10183.09,PLN,Monthly,16629.95,P2,Warsaw,Poland,Hybrid,102,3,20,17,High School,"Figma, Java, Kotlin","Polish, English",2018-09-22,3,Damian +48 607 730 404,True,,26,138827.03,34706.76
154,Amélie,Bernard,F,1985-09-15,INSEE,2 85 09 15 19 282 5,amelie.bernard@globalcorp.com,+33 6 36 37 22 23,2005-06-06,,Active,Permanent,1.0,HR Business Partner,senior,HR,422.0,7347.84,EUR,Monthly,0.0,P3,Paris,France,Remote,78,3,26,10,Master,"Python, SQL, PMP","French, English, Russian",2013-06-24,0,Mathilde +33 6 44 08 14 99,False,,39,88174.08,95228.01
155,Franciszek,Kucharski,M,1975-05-16,PESEL,75051619570,franciszek.kucharski@globalcorp.com,+48 729 321 345,2013-04-02,,Active,Permanent,1.0,Treasury Specialist,mid,Finance,436.0,8419.6,PLN,Monthly,7424.95,P2,Torun,Poland,Remote,95,4,26,5,Master,"Accounting, Project Management","Polish, English",2017-09-22,3,Jan +48 661 608 728,True,,50,108460.15,27115.04
156,Noa,Ramos,F,1997-12-30,DNI,95574453T,noa.ramos@globalcorp.com,+34 687 688368,2024-08-14,,On Leave,Fixed-term,1.0,Legal Counsel,mid,Legal,330.0,21.27,EUR,Hourly,3887.74,P2,Barcelona,Spain,Hybrid,9,4,20,18,High School,"Java, Power BI, Salesforce","Spanish, English",,7,Jesús +34 637 850872,False,,27,46768.06,50509.5
157,Hans,Meyer,M,1969-08-06,Steuer-ID,05 802 285 562,hans.meyer@globalcorp.com,+49 172 8813608,2002-09-19,,On Leave,Permanent,0.25,Compliance Officer,senior,Legal,330.0,7836.33,EUR,Monthly,13947.34,P3,Dortmund,Germany,Hybrid,31,3,26,4,MBA,"Docker, AWS, PMP",German,2019-07-20,1,Karin +49 90 8995280,True,,55,107983.3,116621.96
158,Adriana,López,F,1995-02-03,DNI,70186140F,adriana.lopez@globalcorp.com,+34 611 245903,2021-01-25,,Active,Permanent,0.5,Process Engineer,mid,Operations,256.0,3920.6,EUR,Monthly,7388.41,P2,Seville,Spain,On-site,89,3,20,3,High School,"PRINCE2, SQL, Accounting, AWS, Docker","Spanish, English, Hindi, Russian",2024-05-20,1,Nadia +34 635 976805,True,,30,54435.61,58790.46
159,Andrea,Caruso,M,1984-08-14,Codice Fiscale,CRSNDR84M14703M,andrea.caruso@globalcorp.com,+39 349 7221459,2007-06-04,2025-01-02,Terminated,Permanent,1.0,Legal Counsel,mid,Legal,498.0,3628.64,EUR,Monthly,0.0,P2,Bologna,Italy,On-site,15,2,26,24,Master,"Project Management, Salesforce, PRINCE2, Python, AutoCAD",Italian,2013-12-18,1,Vittorio +39 368 9484470,True,17.58,40,43543.68,47027.17
160,Elena,Rinaldi,F,1981-07-23,Codice Fiscale,RNLLNE81L63779B,elena.rinaldi@globalcorp.com,+39 331 7779992,2011-05-24,,Active,Fixed-term,1.0,Legal Counsel,mid,Legal,406.0,4601.1,EUR,Monthly,0.0,P2,Palermo,Italy,On-site,76,3,26,8,Bachelor,"ITIL, React, Kotlin","Italian, English, Polish",2012-12-15,3,Antonio +39 389 8396799,False,,43,55213.2,59630.26
161,Lena,Sikora,F,1981-03-18,PESEL,81031835032,lena.sikora@globalcorp.com,+48 518 802 186,2018-12-16,,Active,Fixed-term,1.0,Contract Specialist,mid,Legal,309.0,10041.44,PLN,Monthly,0.0,P2,Warsaw,Poland,On-site,102,5,20,0,Master,"Docker, Project Management, Negotiation","Polish, English, Hindi",2023-12-22,7,Zuzanna +48 723 240 371,True,,44,120497.28,30124.32
162,Jack,Green,M,1983-02-27,SSN,213-39-2723,jack.green@globalcorp.com,+1 (571) 711-3389,2017-03-19,2022-03-28,Terminated,Internship,1.0,Finance Manager,manager,Finance,,32583.67,USD,Monthly,30973.68,P5,Denver,USA,Hybrid,30,3,20,9,High School,"Lean Six Sigma, Jira","English, German",,4,Aaron +1 (685) 549-5271,True,5.02,42,421977.72,421977.72
163,Aleksandra,Wojcik,F,1980-05-20,PESEL,80052032242,aleksandra.wojcik@globalcorp.com,+48 693 719 684,2001-06-23,,Active,Permanent,1.0,Solution Architect,lead,IT,349.0,25306.62,PLN,Monthly,0.0,P4,Katowice,Poland,Hybrid,48,5,26,20,High School,"Docker, Figma, Project Management, Power BI, PMP","Polish, English, French, Russian",2009-01-13,0,Katarzyna +48 728 165 924,True,,45,303679.44,75919.86
164,Kamila,Grabowski,F,1989-05-20,PESEL,89052087276,kamila.grabowski@globalcorp.com,+48 662 795 757,2023-04-21,,Active,Permanent,0.75,Machine Operator,junior,Operations,189.0,5471.42,PLN,Monthly,3815.01,P1,Krakow,Poland,On-site,49,2,20,15,Master,"PRINCE2, SQL, Azure, Financial Analysis","Polish, Spanish",2025-03-15,6,Pawel +48 722 622 498,False,,36,69472.05,17368.01
165,Jeanne,André,F,1980-04-23,INSEE,2 80 04 23 29 947 7,jeanne.andre@globalcorp.com,+33 6 79 87 78 27,2023-07-07,,Active,Internship,1.0,Machine Operator,junior,Operations,365.0,2785.08,EUR,Monthly,5969.9,P1,Montpellier,France,Remote,66,4,20,1,MBA,"Project Management, SQL, Photoshop, Oracle, Kubernetes","French, English",,0,François +33 6 73 20 83 33,True,,45,39390.86,42542.13
166,Markus,Becker,M,1965-03-29,Steuer-ID,29 352 738 051,markus.becker@globalcorp.com,+49 172 4226100,2003-05-26,,Active,Fixed-term,1.0,Legal Assistant,junior,Legal,498.0,4896.64,EUR,Monthly,3595.79,P1,Cologne,Germany,Hybrid,26,5,26,7,Bachelor,"Kubernetes, Figma, Lean Six Sigma, Tableau, Jira","German, English, Italian",2013-05-19,2,Claudia +49 271 5897385,True,,60,62355.47,67343.91
167,Jacob,van der Meer,M,1984-02-22,BSN,846.850.229,jacob.vandermeer@globalcorp.com,+31 6 53547292,2010-02-06,,On Leave,Fixed-term,0.25,Quality Inspector,mid,Operations,371.0,6610.02,EUR,Monthly,0.0,P2,Breda,Netherlands,Hybrid,18,4,26,16,Master,"Java, Salesforce, Photoshop, Python, Scrum",Dutch,,4,Luuk +31 6 28765198,True,,41,79320.24,85665.86
168,Jolie,van der Meer,Other,1994-05-31,BSN,323.193.158,jolie.vandermeer@globalcorp.com,+31 6 44802653,2019-05-12,,Active,Permanent,1.0,Forklift Operator,junior,Logistics,83.0,3518.99,EUR,Monthly,0.0,P1,Tilburg,Netherlands,Hybrid,94,2,20,13,Master,"Financial Analysis, Kotlin, Figma, SAP, AutoCAD","Dutch, English, Hindi",2023-12-06,2,Tijn +31 6 58613756,True,,31,42227.88,45606.11
169,Marina,Richter,F,1965-09-09,Steuer-ID,38 672 039 778,marina.richter@globalcorp.com,+49 173 1873273,2017-03-10,,Active,Permanent,1.0,Bookkeeper,junior,Finance,129.0,22.23,EUR,Hourly,4308.62,P1,Berlin,Germany,Hybrid,11,3,20,13,Master,"Kotlin, Figma, AutoCAD, PMP",German,2019-07-30,2,Helga +49 301 8537044,True,,59,49124.3,53054.24
170,Kavya,Shah,F,1984-09-08,Aadhaar,3395 2280 0701,kavya.shah@globalcorp.com,+91 84502 03916,2013-01-02,,Active,Contractor,0.8,Key Account Manager,manager,Sales,,3594450.71,INR,Annual,0.0,P5,Jaipur,India,Hybrid,47,2,26,9,Bachelor,"Java, Oracle, Lean Six Sigma, Negotiation","Hindi, English",2014-11-13,4,Aditya +91 77110 45404,False,,40,3594450.71,43133.41
171,Helga,Wagner,F,1980-10-31,Steuer-ID,94 740 170 533,helga.wagner@globalcorp.com,+49 151 6056621,1999-08-17,,On Leave,Fixed-term,0.8,Controller,senior,Finance,373.0,8685.65,EUR,Monthly,10973.46,P3,Essen,Germany,Hybrid,36,3,26,23,Master,"Accounting, React, Project Management","German, English, Italian, Spanish",2010-11-29,3,Petra +49 152 7983893,True,,44,115201.26,124417.36
172,Mark,Rodriguez,M,1994-02-15,NINO,ZP 63 36 02 C,mark.rodriguez@globalcorp.com,+44 7920 406991,2013-02-03,,Active,Fixed-term,1.0,Legal Counsel,mid,Legal,119.0,5392.66,GBP,Monthly,5105.51,P2,Newcastle,UK,Remote,73,5,26,2,MBA,"Oracle, PRINCE2, Tableau","English, German",2015-12-23,1,Liam +44 7402 145661,False,,31,69817.43,88668.14
173,Ulrike,Fischer,Other,1982-09-26,Steuer-ID,60 752 794 225,ulrike.fischer@globalcorp.com,+49 172 6134841,2020-10-30,,Active,Permanent,0.8,Logistics Coordinator,mid,Logistics,225.0,4905.44,EUR,Monthly,3715.68,P2,Berlin,Germany,Hybrid,11,3,20,17,Bachelor,"SAP, React, Project Management","German, English",2023-09-26,4,Alexander +49 241 5481698,False,,42,62580.96,67587.44
174,Nathan,Brown,M,1992-04-07,SSN,043-48-0248,nathan.brown@globalcorp.com,+1 (422) 912-8640,2022-04-02,,Active,Permanent,1.0,HR Business Partner,senior,HR,69.0,11745.86,USD,Monthly,0.0,P3,Seattle,USA,Hybrid,88,2,20,19,Bachelor,"Azure, Docker, Power BI, SQL, Negotiation","English, Spanish",2023-09-21,3,Camila +1 (264) 722-7657,True,,33,140950.32,140950.32
175,Franciszek,Zielinski,M,1991-09-25,PESEL,91092513549,franciszek.zielinski@globalcorp.com,+48 695 674 641,2021-11-25,,Active,Permanent,1.0,Mid Developer,mid,IT,163.0,8046.28,PLN,Monthly,16348.69,P2,Gdansk,Poland,On-site,39,3,20,14,PhD,"Photoshop, SAP, Kotlin, AutoCAD, Accounting","Polish, English",2025-05-19,2,Artur +48 696 206 494,False,,33,112904.05,28226.01
176,Dagmara,Zielinski,F,1991-12-14,PESEL,91121477084,dagmara.zielinski@globalcorp.com,+48 721 513 971,2011-12-01,,Active,B2B,1.0,Dispatcher,junior,Logistics,83.0,4521.24,PLN,Monthly,2913.52,P1,Krakow,Poland,Remote,49,3,26,11,Bachelor,"Jira, PMP, ITIL, Photoshop","Polish, English, Spanish",2020-04-15,1,Hanna +48 730 577 491,False,,33,57168.4,14292.1
177,Alfie,Scott,M,2000-06-30,NINO,BG 45 96 50 A,alfie.scott@globalcorp.com,+44 7700 108044,2019-09-07,,Active,Permanent,0.8,Marketing Specialist,mid,Marketing,64.0,5282.74,GBP,Monthly,0.0,P2,Edinburgh,UK,Hybrid,34,3,20,7,Bachelor,"Project Management, Tableau, SAP, Power BI",English,2025-01-03,3,Mia +44 7451 284627,True,,25,63392.88,80508.96
178,Abhinav,Shah,M,1982-07-25,Aadhaar,8632 6848 7781,abhinav.shah@globalcorp.com,+91 86934 53747,2010-05-26,,Active,Permanent,0.75,Forklift Operator,junior,Logistics,219.0,503063.23,INR,Annual,86524.29,P1,Chennai,India,Hybrid,24,3,26,11,Bachelor,"Python, Photoshop, SQL, Oracle, AutoCAD","Hindi, Russian, English",,3,Shivam +91 60316 54404,False,,42,589587.52,7075.05
179,Julia,Roberts,F,1985-01-10,SSN,862-99-5780,julia.roberts@globalcorp.com,+1 (540) 379-9914,2008-03-18,,Active,Permanent,1.0,Copywriter,mid,Marketing,311.0,8349.47,USD,Monthly,0.0,P2,Denver,USA,Remote,30,4,26,4,Master,"Oracle, Azure",English,2019-11-17,4,Brandon +1 (483) 741-9876,False,,40,100193.64,100193.64
180,Sofia,Romano,F,1989-01-18,Codice Fiscale,RMNSFO89A58778I,sofia.romano@globalcorp.com,+39 354 7361003,2014-03-08,2022-11-22,Terminated,Contractor,1.0,Controller,senior,Finance,344.0,57509.92,EUR,Annual,0.0,P3,Bologna,Italy,Hybrid,15,2,26,5,PhD,"AWS, Azure, PRINCE2",Italian,2022-06-07,3,Marco +39 337 7025341,True,8.71,36,57509.92,62110.71
181,Zoe,Allen,F,1985-07-20,SSN,799-85-8978,zoe.allen@globalcorp.com,+1 (672) 486-9748,2015-10-21,,Active,Permanent,0.8,Forklift Operator,junior,Logistics,380.0,6821.34,USD,Monthly,9394.97,P1,Chicago,USA,On-site,25,3,20,13,Master,"Negotiation, Figma, Excel, Accounting","English, Dutch",2017-07-21,1,Nora +1 (435) 869-3832,True,,39,91251.05,91251.05
182,Bella,Lee,F,1982-09-23,SSN,749-38-7302,bella.lee@globalcorp.com,+1 (496) 993-4876,2007-08-31,,Active,Permanent,1.0,Process Engineer,mid,Operations,472.0,11166.51,USD,Monthly,11746.46,P2,Miami,USA,Hybrid,64,3,26,14,Master,"Salesforce, AutoCAD, Photoshop","English, Spanish",2014-04-29,2,Chloe +1 (367) 409-9852,True,,42,145744.58,145744.58
183,Sienna,Moore,F,1975-06-10,NINO,KW 89 54 16 C,sienna.moore@globalcorp.com,+44 7400 133040,1997-05-25,,Active,Fixed-term,1.0,Logistics Coordinator,mid,Logistics,225.0,4358.24,GBP,Monthly,3559.99,P2,Leeds,UK,Hybrid,51,2,26,13,Bachelor,"Negotiation, Figma, PRINCE2",English,2004-07-13,4,Oscar +44 7400 794911,True,,50,55858.87,70940.76
184,Claudia,Werner,F,1985-06-06,Steuer-ID,56 814 787 789,claudia.werner@globalcorp.com,+49 97 5750347,2012-04-23,,Active,B2B,0.75,Data Analyst,mid,IT,299.0,5129.16,EUR,Monthly,7459.74,P2,Cologne,Germany,Remote,26,3,26,12,High School,"Project Management, SAP, Financial Analysis","German, English, Dutch",2015-10-03,3,Felix +49 162 8526610,True,,40,69009.66,74530.43
185,Valerio,Leone,M,1970-12-14,Codice Fiscale,LNEVLR70T14646G,valerio.leone@globalcorp.com,+39 345 8302427,2015-05-11,2023-01-14,Terminated,Fixed-term,1.0,Shift Leader,lead,Operations,94.0,7091.27,EUR,Monthly,12494.99,P4,Naples,Italy,Hybrid,71,4,26,2,Bachelor,"Negotiation, Kubernetes, PMP, ITIL, SAP","Italian, English, French",,2,Niccolò +39 328 9781797,True,7.68,54,97590.23,105397.45
186,Valentina,Ramírez,F,1964-02-22,DNI,25717592G,valentina.ramirez@globalcorp.com,+34 645 694510,2008-12-07,2012-05-05,Terminated,Contractor,1.0,Inside Sales Specialist,junior,Sales,118.0,2533.13,EUR,Monthly,3083.93,P1,Madrid,Spain,Hybrid,60,3,26,23,Bachelor,"Lean Six Sigma, PMP, Jira","Spanish, English",2011-07-05,4,Jorge +34 646 336506,False,3.41,61,33481.49,36160.01
187,Ingrid,Meyer,F,1973-03-01,Steuer-ID,94 565 917 922,ingrid.meyer@globalcorp.com,+49 391 2785787,2002-03-14,2021-03-18,Terminated,Permanent,1.0,Logistics Manager,manager,Logistics,,16482.84,EUR,Monthly,0.0,P5,Stuttgart,Germany,Hybrid,91,4,26,25,High School,"Docker, Excel, SQL, Salesforce","German, English, Arabic",2016-03-16,6,Christina +49 40 7819459,True,19.01,52,197794.08,213617.61
188,Maciej,Szymanski,M,1991-02-05,PESEL,91020552774,maciej.szymanski@globalcorp.com,+48 515 754 119,2014-03-15,,Active,Contractor,1.0,Dispatcher,junior,Logistics,219.0,4432.85,PLN,Monthly,2971.99,P1,Wroclaw,Poland,Hybrid,103,3,26,6,Master,"Photoshop, Project Management, SAP, Lean Six Sigma, AWS",Polish,,2,Rafal +48 693 855 855,True,,34,56166.19,14041.55
189,Leonardo,Moretti,M,1987-11-09,Codice Fiscale,MRTLNR87S09962U,leonardo.moretti@globalcorp.com,+39 370 2169404,2017-04-26,,Active,Contractor,0.8,Quality Inspector,mid,Operations,308.0,3909.15,EUR,Monthly,0.0,P2,Venice,Italy,On-site,100,3,20,6,Bachelor,"SQL, Azure, Excel","Italian, Mandarin",,3,Giulia +39 346 5779911,False,,37,46909.8,50662.58
190,Ulrich,Schulz,M,1991-01-02,Steuer-ID,77 462 410 885,ulrich.schulz@globalcorp.com,+49 176 7369825,2011-11-07,,Active,Permanent,1.0,Bookkeeper,junior,Finance,144.0,4051.4,EUR,Monthly,4949.16,P1,Essen,Germany,Remote,36,5,26,17,High School,"AutoCAD, Accounting, SQL, Figma","German, English",,4,Ulrike +49 176 7232574,True,,34,53565.96,57851.24
191,Charlotte,Lopez,F,1978-10-01,SSN,014-09-1118,charlotte.lopez@globalcorp.com,+1 (697) 824-6497,2020-09-17,,Probation,Fixed-term,1.0,Training Coordinator,mid,HR,439.0,8102.23,USD,Monthly,13684.9,P2,Austin,USA,On-site,7,5,20,0,Bachelor,"Accounting, Excel, Salesforce, Project Management, Negotiation","English, Japanese",2022-08-29,2,Harper +1 (584) 891-4853,True,,46,110911.66,110911.66
192,Adam,Witkowski,M,1995-02-05,PESEL,95020574527,adam.witkowski@globalcorp.com,+48 514 854 293,2023-11-16,,Active,Permanent,1.0,Marketing Director,manager,Marketing,,21780.97,PLN,Monthly,24626.63,P5,Warsaw,Poland,Remote,102,2,20,2,Bachelor,"Photoshop, ITIL, Salesforce, Azure, Kotlin","Polish, English",2025-06-14,4,Martyna +48 694 146 840,True,,30,285998.27,71499.57
193,Oliwia,Witkowski,F,1971-03-14,PESEL,71031432483,oliwia.witkowski@globalcorp.com,+48 517 889 275,1990-02-13,,On Leave,Permanent,1.0,Bookkeeper,junior,Finance,243.0,4948.21,PLN,Monthly,10761.99,P1,Lodz,Poland,Remote,55,5,26,24,Bachelor,"ITIL, Photoshop, Figma, Salesforce",Polish,2024-01-04,3,Julia +48 601 732 559,True,,54,70140.51,17535.13
194,Gwen,Kok,F,1974-05-03,BSN,693.946.684,gwen.kok@globalcorp.com,+31 6 35373725,2024-07-11,,Active,Permanent,1.0,Scrum Master,lead,IT,349.0,7470.73,EUR,Monthly,15509.36,P4,Amsterdam,Netherlands,On-site,4,4,20,3,Bachelor,"SAP, Kotlin, Lean Six Sigma, Jira","Dutch, Hindi",,4,Nora +31 6 23371305,True,,51,105158.12,113570.77
195,Grzegorz,Stepien,M,1995-08-28,PESEL,95082881331,grzegorz.stepien@globalcorp.com,+48 723 139 195,2013-12-07,,Active,Permanent,1.0,Dispatcher,junior,Logistics,461.0,4468.92,PLN,Monthly,3821.65,P1,Katowice,Poland,Hybrid,48,2,26,15,Bachelor,"Python, Oracle, SAP, Jira, Kubernetes","Polish, English, Russian",,3,Artur +48 723 985 719,True,,29,57448.69,14362.17
196,Jan,Nowak,M,1986-07-06,PESEL,86070654149,jan.nowak@globalcorp.com,+48 662 525 808,2014-02-18,2024-11-15,Terminated,Internship,1.0,Compliance Officer,senior,Legal,330.0,142728.89,PLN,Annual,10060.58,P3,Wroclaw,Poland,Remote,103,3,26,23,Master,"Figma, Scrum","Polish, English, Spanish, Portuguese",2018-07-21,3,Patryk +48 730 327 723,False,10.74,38,152789.47,38197.37
197,Jean,Bernard,M,1991-05-18,INSEE,1 91 05 18 67 655 5,jean.bernard@globalcorp.com,+33 7 19 49 90 54,2020-02-18,,Active,Permanent,1.0,System Administrator,mid,IT,32.0,5388.9,EUR,Monthly,0.0,P2,Rennes,France,Hybrid,83,1,20,15,Master,"SAP, Java, Oracle",French,2022-08-13,1,Charlotte +33 7 93 01 73 18,True,,34,64666.8,69840.14
198,Sebastian,Walker,M,1987-11-07,SSN,071-81-7580,sebastian.walker@globalcorp.com,+1 (598) 447-6028,2012-04-10,,Active,Fixed-term,1.0,DevOps Engineer,mid,IT,299.0,8647.84,USD,Monthly,0.0,P2,Houston,USA,Hybrid,45,3,26,7,Master,"Lean Six Sigma, Figma, SAP, PMP","English, Spanish",2014-07-02,4,Chloe +1 (305) 769-6740,False,,37,103774.08,103774.08
199,Grzegorz,Adamczyk,M,1979-02-21,PESEL,79022119395,grzegorz.adamczyk@globalcorp.com,+48 666 267 359,2002-11-30,,Active,Permanent,1.0,Operations Manager,manager,Operations,,25589.6,PLN,Monthly,0.0,P5,Krakow,Poland,On-site,49,5,26,4,Master,"Java, Docker, Python, AWS","Polish, English",2006-10-01,6,Zofia +48 791 976 904,False,,46,307075.2,76768.8
200,Lena,Becker,F,1973-12-30,Steuer-ID,60 482 942 356,lena.becker@globalcorp.com,+49 170 8592404,1993-07-31,,Probation,Permanent,1.0,Graphic Designer,mid,Marketing,222.0,5220.9,EUR,Monthly,9986.23,P2,Dresden,Germany,On-site,32,3,26,19,Master,"Jira, React, ITIL, Kubernetes, Azure","German, English, Polish",,3,Laura +49 381 5902728,True,,51,72637.03,78447.99
201,Elena,Conti,F,1966-07-10,Codice Fiscale,CNTLNE66L50934A,elena.conti@globalcorp.com,+39 363 4487787,2014-04-29,,Active,Permanent,1.0,HR Manager,manager,HR,,11647.65,EUR,Monthly,18252.08,P5,Palermo,Italy,Hybrid,76,3,26,10,PhD,"Tableau, Docker, Power BI, Negotiation, React","Italian, English, Hindi",2018-07-30,3,Irene +39 391 2048287,True,,58,158023.88,170665.79
202,Ira,Chatterjee,F,2003-10-12,Aadhaar,2951 9366 0263,ira.chatterjee@globalcorp.com,+91 70290 18504,2021-12-01,,On Leave,Permanent,1.0,Social Media Manager,manager,Marketing,,413995.47,INR,Monthly,115254.15,P5,Jaipur,India,On-site,47,3,20,20,Master,"Lean Six Sigma, Figma, AWS, Photoshop, ITIL",Hindi,,4,Arnav +91 72537 82717,False,,21,5083199.79,60998.4
203,Charlotte,Green,F,1968-09-02,NINO,AW 11 51 65 C,charlotte.green@globalcorp.com,+44 7913 410564,2005-06-20,,Active,Fixed-term,1.0,Treasury Specialist,mid,Finance,232.0,5802.68,GBP,Monthly,0.0,P2,Edinburgh,UK,Hybrid,34,3,26,17,Master,"Financial Analysis, Azure, AutoCAD",English,2013-03-27,2,Holly +44 7912 543334,True,,56,69632.16,88432.84
204,Franciszek,Witkowski,M,1999-06-22,PESEL,99062254179,franciszek.witkowski@globalcorp.com,+48 661 667 638,2020-08-16,,Active,Internship,1.0,SEO Specialist,mid,Marketing,222.0,8388.79,PLN,Monthly,11963.65,P2,Wroclaw,Poland,Hybrid,103,4,20,0,Bachelor,"Lean Six Sigma, Kubernetes, Oracle","Polish, English, Arabic",2024-10-25,3,Daniel +48 729 198 532,True,,26,112629.13,28157.28
205,Bianka,Grabowski,F,1986-04-14,PESEL,86041468049,bianka.grabowski@globalcorp.com,+48 731 322 348,2024-10-22,,Active,Permanent,0.8,HR Business Partner,senior,HR,69.0,83.75,PLN,Hourly,12408.06,P3,Wroclaw,Poland,On-site,103,3,20,5,Bachelor,"Project Management, AutoCAD","Polish, English",,2,Franciszek +48 729 616 556,True,,39,181248.06,45312.01
206,Pawel,Dabrowski,M,1987-03-19,PESEL,87031911321,pawel.dabrowski2@globalcorp.com,+48 518 697 579,2024-01-30,,Active,Internship,1.0,Account Manager,manager,Sales,,21441.03,PLN,Monthly,45057.21,P5,Poznan,Poland,Remote,81,3,20,15,Bachelor,"Jira, Java, Salesforce","Polish, English, Dutch",2025-02-11,1,Marek +48 723 288 747,False,,38,302349.57,75587.39
207,Artur,Dudek,M,1986-07-26,PESEL,86072621909,artur.dudek@globalcorp.com,+48 607 725 438,2021-09-04,,On Leave,Fixed-term,0.8,Copywriter,mid,Marketing,132.0,9158.15,PLN,Monthly,3027.19,P2,Katowice,Poland,Remote,48,3,20,14,Bachelor,"Scrum, AWS, Lean Six Sigma, Figma","Polish, English",2022-09-24,2,Weronika +48 604 716 378,True,,38,112924.99,28231.25
208,Daniel,Martín,M,1990-01-04,DNI,22035120Q,daniel.martin@globalcorp.com,+34 612 585861,2020-10-14,,On Leave,Fixed-term,0.8,DevOps Engineer,mid,IT,431.0,3893.34,EUR,Monthly,3767.02,P2,Granada,Spain,Remote,42,4,20,15,Master,"Salesforce, Financial Analysis, Oracle, Scrum","Spanish, English, Italian",,0,Sara +34 683 382389,True,,35,50487.1,54526.07
209,Karolina,Witkowski,F,1977-08-19,PESEL,77081914610,karolina.witkowski@globalcorp.com,+48 663 464 499,2011-11-04,,Probation,Permanent,1.0,Backend Developer,mid,IT,78.0,7009.59,PLN,Monthly,11056.87,P2,Krakow,Poland,On-site,49,4,26,6,High School,"Scrum, Power BI, Accounting","Polish, English",2021-03-04,2,Jan +48 515 727 926,True,,47,95171.95,23792.99
210,Maya,Walker,F,1963-03-02,NINO,LR 76 69 27 D,maya.walker@globalcorp.com,+44 7919 294381,1996-08-25,,Probation,Permanent,1.0,Operations Supervisor,lead,Operations,199.0,9518.5,GBP,Monthly,8095.35,P4,Newcastle,UK,Hybrid,73,4,26,6,Master,"Negotiation, Photoshop",English,2017-06-17,4,Henry +44 7916 779641,False,,62,122317.35,155343.03
211,Gabriel,García,Other,1979-07-15,DNI,58185207Z,gabriel.garcia@globalcorp.com,+34 617 608543,2002-03-12,,Active,Contractor,1.0,Bookkeeper,junior,Finance,373.0,31382.41,EUR,Annual,2035.26,P1,Barcelona,Spain,Remote,9,3,26,5,PhD,"AutoCAD, Java","Spanish, English, Dutch",2008-04-05,2,Pedro +34 614 687656,True,,45,33417.67,36091.08
212,Adrien,Petit,M,1989-01-06,INSEE,1 89 01 06 41 378 4,adrien.petit@globalcorp.com,+33 6 15 56 18 41,2024-11-26,,Active,Fixed-term,1.0,Legal Assistant,junior,Legal,161.0,30187.67,EUR,Annual,4336.98,P1,Nice,France,Hybrid,74,3,20,14,Master,"Python, Scrum, Negotiation, Excel",French,,2,Charlotte +33 7 50 23 43 82,False,,36,34524.65,37286.62
213,Lukasz,Wilk,M,1974-07-29,PESEL,74072945198,lukasz.wilk@globalcorp.com,+48 606 304 506,2005-03-30,2018-08-29,Terminated,Permanent,1.0,Key Account Manager,manager,Sales,,34000.66,PLN,Monthly,30638.5,P5,Katowice,Poland,Hybrid,48,4,26,0,High School,"React, Java","Polish, English",2012-10-23,4,Irena +48 608 992 923,True,13.42,50,438646.42,109661.6
214,Sem,Dijkstra,M,1995-08-29,BSN,235.257.801,sem.dijkstra@globalcorp.com,+31 6 34903743,2018-09-24,,Active,B2B,1.0,Process Engineer,mid,Operations,294.0,4101.54,EUR,Monthly,5973.53,P2,Breda,Netherlands,Hybrid,18,4,20,17,Bachelor,"Power BI, AWS, Salesforce, Oracle, React","Dutch, German",2022-11-14,2,Julia +31 6 46791098,True,,29,55192.01,59607.37
215,Pietro,Colombo,M,1983-04-28,Codice Fiscale,CLMPTR83D28185S,pietro.colombo@globalcorp.com,+39 350 9171397,2004-09-25,2024-05-26,Terminated,Permanent,0.8,IT Manager,manager,IT,,146962.2,EUR,Annual,15216.05,P5,Naples,Italy,Hybrid,71,3,26,7,Bachelor,"Power BI, React, Kubernetes","Italian, English, French",2009-09-08,3,Bianca +39 356 1242534,True,19.67,42,162178.25,175152.51
216,Sara,Ferrara,F,1973-07-01,Codice Fiscale,FRRSRA73L41918X,sara.ferrara@globalcorp.com,+39 391 5409419,2000-11-27,,Active,B2B,1.0,Frontend Developer,mid,IT,378.0,5051.58,EUR,Monthly,6660.28,P2,Naples,Italy,Hybrid,71,4,26,13,MBA,"ITIL, Excel, AWS","Italian, English",2008-02-12,3,Sofia +39 392 5743120,True,,51,67279.24,72661.58
217,Antoni,Nowicki,M,1986-09-30,PESEL,86093068754,antoni.nowicki@globalcorp.com,+48 790 835 837,2017-11-29,,Active,Permanent,0.8,Legal Assistant,junior,Legal,458.0,5141.13,PLN,Monthly,3537.82,P1,Krakow,Poland,Hybrid,49,3,20,5,Master,"SQL, Python, Negotiation, AutoCAD, Excel","Polish, English, Italian",2021-12-13,3,Oliwia +48 662 200 850,True,,38,65231.38,16307.84
218,Sandra,Adamczyk,F,1989-03-31,PESEL,89033181250,sandra.adamczyk@globalcorp.com,+48 601 494 416,2015-01-08,,Active,Contractor,0.8,Operations Analyst,mid,Operations,10.0,8223.81,PLN,Monthly,3926.05,P2,Warsaw,Poland,On-site,102,2,26,11,Master,"Python, Figma","Polish, English",,3,Agnieszka +48 733 291 530,False,,36,102611.77,25652.94
219,Oliver,Mitchell,M,1990-10-03,SSN,212-51-7032,oliver.mitchell@globalcorp.com,+1 (277) 259-6601,2018-07-24,,Active,Permanent,1.0,Logistics Coordinator,mid,Logistics,258.0,8901.78,USD,Monthly,0.0,P2,Chicago,USA,Remote,25,5,20,16,Master,"Photoshop, Kotlin, Figma, Power BI, Java",English,2023-07-16,3,Eleanor +1 (309) 996-6474,True,,34,106821.36,106821.36
220,Jürgen,Schmidt,M,1955-01-20,Steuer-ID,06 402 432 644,jurgen.schmidt@globalcorp.com,+49 241 8431497,1984-02-23,,Active,Permanent,0.5,Key Account Manager,manager,Sales,,16930.54,EUR,Monthly,14724.15,P5,Leipzig,Germany,Hybrid,52,2,26,5,Master,"Tableau, Jira","German, English, Italian",2005-05-05,1,Hans +49 42 8905706,False,,70,217890.63,235321.88
221,Hans,Wagner,M,1955-06-13,Steuer-ID,70 309 181 368,hans.wagner@globalcorp.com,+49 381 1766558,1977-09-20,,Active,Fixed-term,0.25,Legal Assistant,junior,Legal,39.0,47427.93,EUR,Annual,7521.86,P1,Hamburg,Germany,On-site,44,5,26,15,Master,"PMP, Photoshop, React, Docker, AutoCAD","German, English",,1,Niklas +49 351 7730908,True,,70,54949.79,59345.77
222,Ivy,Sanchez,F,1995-07-05,NINO,EG 83 27 08 D,ivy.sanchez@globalcorp.com,+44 7917 546486,2024-02-15,,Active,Permanent,1.0,Brand Manager,manager,Marketing,,9249.78,GBP,Monthly,0.0,P5,Manchester,UK,Hybrid,62,3,20,1,High School,"Salesforce, ITIL, Oracle, Photoshop, Figma",English,2025-03-23,3,Henry +44 7801 603266,True,,29,110997.36,140966.65
223,Irene,Martínez,F,1970-09-03,DNI,82143969K,irene.martinez@globalcorp.com,+34 638 969116,2004-07-31,,Active,Contractor,1.0,Key Account Manager,manager,Sales,,11059.46,EUR,Monthly,0.0,P5,Murcia,Spain,Hybrid,69,5,26,4,Bachelor,"Power BI, PMP, PRINCE2, Tableau, SAP","Spanish, English",2018-05-17,1,José +34 619 666568,True,,54,132713.52,143330.6
224,Ayush,Das,M,1995-03-27,Aadhaar,7710 0529 1961,ayush.das@globalcorp.com,+91 80140 17115,2017-08-30,,Active,Fixed-term,1.0,Compliance Officer,senior,Legal,390.0,180197.87,INR,Monthly,0.0,P3,Delhi,India,Hybrid,29,3,20,14,High School,"Power BI, Python, Salesforce, Kotlin","Hindi, English, Portuguese",2021-06-20,3,Meera +91 71710 38735,False,,30,2162374.44,25948.49
225,Andrea,Wagner,F,1996-09-16,Steuer-ID,03 335 116 929,andrea.wagner@globalcorp.com,+49 160 3301157,2017-10-17,,Active,Permanent,1.0,Logistics Manager,manager,Logistics,,12108.33,EUR,Monthly,0.0,P5,Munich,Germany,Remote,68,4,20,11,Master,"PMP, Figma, Accounting","German, English, Italian",2023-02-14,4,Susanne +49 41 7832483,True,,28,145299.96,156923.96
226,Penelope,Brown,F,1973-12-31,SSN,311-34-0904,penelope.brown@globalcorp.com,+1 (949) 704-9670,2014-01-13,,Active,Permanent,1.0,Logistics Manager,manager,Logistics,,25990.85,USD,Monthly,45351.55,P5,Atlanta,USA,Hybrid,6,4,26,16,PhD,"Docker, Scrum","English, Korean",,1,Caleb +1 (392) 283-9808,True,,51,357241.75,357241.75
227,Kamila,Szymanski,F,1974-01-12,PESEL,74011248043,kamila.szymanski@globalcorp.com,+48 608 654 314,2010-11-15,2023-04-04,Terminated,Contractor,1.0,Contract Specialist,mid,Legal,309.0,11601.96,PLN,Monthly,6639.46,P2,Warsaw,Poland,Hybrid,102,3,26,6,Master,"Figma, Jira, Kubernetes, Docker","Polish, English, Arabic, Dutch",2016-08-19,9,Michal +48 666 595 570,True,12.38,51,145862.98,36465.75
228,Anaïs,Lefebvre,F,1992-05-07,INSEE,2 92 05 07 64 242 1,anais.lefebvre@globalcorp.com,+33 6 18 12 44 33,2016-03-28,,Active,Fixed-term,1.0,Contract Specialist,mid,Legal,466.0,25.85,EUR,Hourly,1821.16,P2,Lyon,France,Remote,59,3,20,4,Master,"ITIL, Kubernetes, Java, Lean Six Sigma","French, English",2017-08-27,4,Augustin +33 7 39 76 79 33,True,,33,53934.76,58249.54
229,Julia,Martínez,F,1980-08-30,DNI,14016951S,julia.martinez@globalcorp.com,+34 619 921429,2023-08-22,,Active,Contractor,0.8,Dispatcher,junior,Logistics,110.0,1930.69,EUR,Monthly,3541.48,P1,Seville,Spain,Hybrid,89,1,20,8,PhD,"Lean Six Sigma, SAP, Oracle, PRINCE2","Spanish, English",2024-11-11,5,Emma +34 615 823536,True,,44,26709.76,28846.54
230,Andrzej,Kaminski,M,1997-02-07,PESEL,97020799151,andrzej.kaminski@globalcorp.com,+48 691 926 987,2024-06-21,,Active,Permanent,1.0,Legal Assistant,junior,Legal,466.0,4775.34,PLN,Monthly,0.0,P1,Warsaw,Poland,Hybrid,102,3,20,2,Bachelor,"Accounting, React","Polish, English",2025-06-23,2,Aleksander +48 731 411 104,False,,28,57304.08,14326.02
231,Marta,Zajac,F,2001-08-12,PESEL,01281274412,marta.zajac@globalcorp.com,+48 694 842 199,2020-10-11,,Active,Contractor,1.0,Machine Operator,junior,Operations,158.0,3883.33,PLN,Monthly,8811.7,P1,Krakow,Poland,On-site,49,5,20,18,High School,"Lean Six Sigma, Azure","Polish, English",,4,Daria +48 604 374 532,True,,23,55411.66,13852.92
232,Ellie,Taylor,F,1973-10-08,NINO,NB 62 90 61 C,ellie.taylor@globalcorp.com,+44 7921 533973,2013-06-07,,Active,Permanent,1.0,Accountant,senior,Finance,474.0,6405.97,GBP,Monthly,0.0,P3,London,UK,On-site,56,3,26,7,PhD,"SAP, Lean Six Sigma, AWS, Jira, AutoCAD","English, Dutch, Spanish",2020-10-06,3,Ella +44 7404 143547,False,,51,76871.64,97626.98
233,Kiara,Mehta,F,1976-06-28,Aadhaar,4963 0540 5220,kiara.mehta@globalcorp.com,+91 82084 16047,2024-07-06,,Active,Fixed-term,0.8,Contract Specialist,mid,Legal,224.0,76360.51,INR,Monthly,118231.41,P2,Bangalore,India,Hybrid,8,4,20,15,PhD,"AutoCAD, Accounting, Docker, ITIL","Hindi, English",,3,Shivam +91 75761 97078,True,,49,1034557.53,12414.69
234,Clara,Bernard,F,1985-02-20,INSEE,2 85 02 20 36 296 8,clara.bernard@globalcorp.com,+33 7 43 81 01 84,2014-01-20,,Active,Permanent,1.0,Bookkeeper,junior,Finance,151.0,45115.43,EUR,Annual,0.0,P1,Lille,France,Hybrid,53,3,26,4,Master,"Excel, Python","French, English, Russian",,1,Anna +33 7 89 91 06 65,False,,40,45115.43,48724.66
235,Grace,Moore,F,1963-07-05,SSN,065-43-2202,grace.moore@globalcorp.com,+1 (229) 334-1252,1982-11-01,,Active,Permanent,1.0,Data Analyst,mid,IT,109.0,9790.66,USD,Monthly,0.0,P2,Houston,USA,Hybrid,45,3,26,17,Bachelor,"Salesforce, ITIL, Jira, Python, Project Management",English,1998-06-23,1,Jack +1 (958) 526-7672,False,,61,117487.92,117487.92
236,Jasper,Visser,M,1966-09-21,BSN,470.830.220,jasper.visser@globalcorp.com,+31 6 45151841,1990-02-09,,Active,Internship,1.0,Sales Manager,manager,Sales,,13294.93,EUR,Monthly,24554.75,P5,The Hague,Netherlands,Hybrid,93,5,26,5,MBA,"Java, SAP, Photoshop","Dutch, English, Portuguese",2012-03-13,2,Eva +31 6 57410449,False,,58,184093.91,198821.42
237,Sienna,Clark,F,1975-04-03,NINO,RB 84 73 11 C,sienna.clark@globalcorp.com,+44 7402 299161,2014-10-12,,Active,Internship,1.0,Legal Assistant,junior,Legal,498.0,3371.19,GBP,Monthly,4109.41,P1,Manchester,UK,Hybrid,62,1,26,7,Master,"AutoCAD, Kubernetes, Scrum, Figma",English,2020-07-17,4,Evelyn +44 7917 148830,False,,50,44563.69,56595.89
238,Hailey,Janssen,F,2005-10-24,BSN,484.977.714,hailey.janssen@globalcorp.com,+31 6 36343467,2025-04-30,,Active,Permanent,0.8,Recruiter,mid,HR,422.0,4644.88,EUR,Monthly,5588.97,P2,Nijmegen,Netherlands,Remote,75,3,20,8,Master,"Kotlin, Python, Lean Six Sigma","Dutch, English",,3,Hailey +31 6 37996590,False,,19,61327.53,66233.73
239,Pola,Wilk,F,1987-07-11,PESEL,87071162622,pola.wilk@globalcorp.com,+48 728 123 162,2008-02-02,,Active,Contractor,1.0,Talent Acquisition Specialist,mid,HR,435.0,10805.84,PLN,Monthly,0.0,P2,Warsaw,Poland,Remote,102,3,26,3,Bachelor,"AutoCAD, Figma, Lean Six Sigma","Polish, English, Mandarin",2009-11-25,5,Jakub +48 692 355 205,True,,37,129670.08,32417.52
240,Aleksandra,Borowski,F,1978-09-16,PESEL,78091620616,aleksandra.borowski@globalcorp.com,+48 513 454 753,2012-06-13,,Active,Permanent,1.0,Sales Manager,manager,Sales,,32169.79,PLN,Monthly,51212.11,P5,Lublin,Poland,Hybrid,58,2,26,3,Master,"Power BI, Oracle, Java, Financial Analysis",Polish,2019-04-03,4,Bianka +48 512 183 576,True,,46,437249.59,109312.4
241,Lily,de Vries,F,1974-01-14,BSN,841.122.325,lily.devries@globalcorp.com,+31 6 42891486,2008-08-29,2019-11-26,Terminated,Permanent,1.0,Account Manager,manager,Sales,,14939.08,EUR,Monthly,24421.46,P5,Rotterdam,Netherlands,Remote,85,3,26,20,Master,"Photoshop, Accounting, Jira, Lean Six Sigma, Power BI","Dutch, English",,3,Lotte +31 6 41138807,True,11.24,51,203690.42,219985.65
242,Liv,van den Berg,F,1972-04-20,BSN,925.978.425,liv.vandenberg@globalcorp.com,+31 6 46907753,2000-05-01,,Active,Permanent,0.75,Forklift Operator,junior,Logistics,276.0,4542.5,EUR,Monthly,0.0,P1,Nijmegen,Netherlands,Remote,75,4,26,9,PhD,"Lean Six Sigma, Oracle","Dutch, English",,0,Gijs +31 6 24863663,True,,53,54510.0,58870.8
243,Aleksander,Kowalczyk,M,1979-05-28,PESEL,79052883590,aleksander.kowalczyk@globalcorp.com,+48 600 774 479,2015-02-23,,Active,Permanent,0.8,Finance Manager,manager,Finance,,31449.48,PLN,Monthly,36066.95,P5,Krakow,Poland,On-site,49,2,26,15,Master,"Tableau, Project Management","Polish, English",2019-02-15,0,Andrzej +48 604 214 609,True,,46,413460.71,103365.18
244,Gabrielle,Vincent,F,1978-04-05,INSEE,2 78 04 05 66 735 6,gabrielle.vincent@globalcorp.com,+33 6 37 62 73 40,2021-12-04,,Active,Permanent,1.0,Operations Analyst,mid,Operations,365.0,3856.91,EUR,Monthly,0.0,P2,Paris,France,Hybrid,78,4,20,13,Master,"AWS, Negotiation, Accounting, Scrum",French,2024-06-03,6,Elise +33 6 52 80 53 45,True,,47,46282.92,49985.55
245,Florian,Thomas,M,1982-03-22,INSEE,1 82 03 22 49 387 4,florian.thomas@globalcorp.com,+33 7 81 57 52 92,2006-04-08,,Active,Permanent,0.8,Legal Assistant,junior,Legal,374.0,4363.68,EUR,Monthly,0.0,P1,Toulouse,France,Hybrid,96,3,26,16,Master,"Lean Six Sigma, Project Management, Negotiation, Excel","French, English",2018-07-29,4,Clémence +33 7 52 55 85 86,False,,43,52364.16,56553.29
246,Caleb,Baker,M,1989-07-09,SSN,381-50-8155,caleb.baker@globalcorp.com,+1 (467) 496-9016,2008-06-30,,Active,Permanent,1.0,Payroll Specialist,mid,HR,367.0,11277.79,USD,Monthly,13077.78,P2,Los Angeles,USA,Hybrid,57,2,26,16,Master,"ITIL, PMP",English,,3,Audrey +1 (462) 404-1895,True,,35,148411.26,148411.26
247,Sophie,André,F,1984-03-14,INSEE,2 84 03 14 53 812 2,sophie.andre@globalcorp.com,+33 7 79 98 99 96,2010-07-24,2017-09-23,Terminated,B2B,0.8,Logistics Coordinator,mid,Logistics,394.0,5040.76,EUR,Monthly,3862.6,P2,Montpellier,France,Hybrid,66,3,26,26,Bachelor,"ITIL, SAP, Azure, Kotlin","French, English",2024-01-18,8,Amélie +33 7 09 84 35 80,True,7.17,41,64351.72,69499.86
248,Charlotte,Scott,F,1992-07-17,NINO,AT 59 44 18 C,charlotte.scott@globalcorp.com,+44 7404 201982,2015-03-28,2024-01-16,Terminated,B2B,0.75,Brand Manager,manager,Marketing,,9738.7,GBP,Monthly,4461.4,P5,Glasgow,UK,Hybrid,41,2,26,17,High School,"Azure, Salesforce, Docker, Lean Six Sigma",English,2017-08-23,2,Robert +44 7401 679601,True,8.8,32,121325.8,154083.77
249,Michael,Wolf,M,1981-06-01,Steuer-ID,80 280 549 882,michael.wolf@globalcorp.com,+49 89 3845282,2018-05-19,,Active,Fixed-term,1.0,Forklift Operator,junior,Logistics,461.0,3888.41,EUR,Monthly,0.0,P1,Stuttgart,Germany,Remote,91,4,20,7,Bachelor,"SQL, Kubernetes, AutoCAD, Negotiation","German, English",,1,Daniel +49 179 7648716,False,,44,46660.92,50393.79
250,Daniel,Campbell,M,2001-04-12,NINO,PS 90 93 16 D,daniel.campbell@globalcorp.com,+44 7915 941261,2022-08-13,,Active,Permanent,1.0,Shift Leader,lead,Operations,308.0,7623.59,GBP,Monthly,7404.44,P4,London,UK,Hybrid,56,3,20,5,Master,"Scrum, SAP",English,2024-07-14,3,Jessica +44 7452 561677,True,,24,98887.52,125587.15
251,Irene,Fernández,F,1992-10-04,DNI,10891999G,irene.fernandez@globalcorp.com,+34 646 787869,2011-01-08,2013-10-09,Terminated,B2B,1.0,Compliance Officer,senior,Legal,325.0,6253.29,EUR,Monthly,5907.62,P3,Malaga,Spain,Hybrid,61,1,26,21,High School,"AutoCAD, Jira, Project Management","Spanish, English",2019-04-24,4,Gabriel +34 640 107501,True,2.75,32,80947.1,87422.87
252,Brooklyn,Martin,F,1987-06-08,SSN,195-58-9942,brooklyn.martin@globalcorp.com,+1 (422) 547-9685,2012-04-01,,Active,Permanent,1.0,Operations Supervisor,lead,Operations,308.0,117.63,USD,Hourly,0.0,P4,Chicago,USA,Remote,25,3,26,11,High School,"Power BI, Kotlin",English,2022-08-07,2,Isabella +1 (218) 686-4648,True,,38,237142.08,237142.08
253,Chloe,Taylor,F,1989-04-12,NINO,YP 10 20 10 D,chloe.taylor2@globalcorp.com,+44 7916 283979,2020-09-01,,Active,B2B,1.0,Dispatcher,junior,Logistics,351.0,2496.26,GBP,Monthly,0.0,P1,Belfast,UK,Remote,10,3,20,11,PhD,"React, Power BI",English,,4,Joseph +44 7801 227560,False,,36,29955.12,38043.0
254,Katarzyna,Borowski,F,1979-01-12,PESEL,79011263056,katarzyna.borowski@globalcorp.com,+48 733 549 858,2010-08-08,2018-12-29,Terminated,Fixed-term,1.0,Business Development Manager,manager,Sales,,24576.94,PLN,Monthly,16232.32,P5,Lodz,Poland,Remote,55,3,26,22,Master,"Salesforce, Project Management, React, Java, Kotlin","Polish, English, Arabic, Mandarin",2024-05-17,3,Bianka +48 694 511 425,True,8.39,46,311155.6,77788.9
255,Andrzej,Jankowski,M,1982-03-19,PESEL,82031982748,andrzej.jankowski@globalcorp.com,+48 667 642 245,2014-06-11,,Active,Permanent,1.0,Warehouse Worker,junior,Logistics,461.0,77146.89,PLN,Annual,0.0,P1,Poznan,Poland,Hybrid,81,1,26,6,High School,"SAP, Salesforce, Accounting, ITIL, Oracle","Polish, Portuguese, German",2022-02-09,6,Szymon +48 790 777 105,True,,43,77146.89,19286.72
256,Valentina,Rinaldi,F,1982-08-16,Codice Fiscale,RNLVLN82M56462K,valentina.rinaldi@globalcorp.com,+39 342 7502758,2007-03-14,,Active,Permanent,1.0,Shift Leader,lead,Operations,371.0,6597.99,EUR,Monthly,5536.7,P4,Catania,Italy,On-site,23,1,26,6,Bachelor,"Figma, Tableau, Kubernetes, Project Management","Italian, English, Polish",2019-03-04,3,Luca +39 321 3139460,True,,42,84712.58,91489.59
257,Roos,Bakker,F,1977-11-13,BSN,427.193.370,roos.bakker@globalcorp.com,+31 6 41799804,2005-04-30,,Active,B2B,1.0,Logistics Coordinator,mid,Logistics,394.0,6212.27,EUR,Monthly,5976.96,P2,Utrecht,Netherlands,Hybrid,98,3,26,1,Master,"Negotiation, Figma","Dutch, English, Korean",2018-11-14,4,Jolie +31 6 45113162,True,,47,80524.2,86966.14
258,Rafal,Jaworski,M,1971-02-22,PESEL,71022228312,rafal.jaworski@globalcorp.com,+48 515 723 501,1993-11-15,,Active,Contractor,1.0,Logistics Manager,manager,Logistics,,150.92,PLN,Hourly,0.0,P5,Poznan,Poland,Hybrid,81,4,26,1,Bachelor,"Project Management, AutoCAD, Java, Oracle","Polish, English, German, Italian",2015-06-18,0,Joanna +48 608 528 845,False,,54,304254.72,76063.68
259,Iga,Adamczyk,F,1990-04-01,PESEL,90040145252,iga.adamczyk@globalcorp.com,+48 729 161 414,2009-08-28,,Active,Fixed-term,1.0,IT Manager,manager,IT,,27861.18,PLN,Monthly,28441.23,P5,Warsaw,Poland,Hybrid,102,4,26,16,Master,"Photoshop, AutoCAD, Jira, SAP","Polish, English",,4,Karol +48 606 222 296,True,,35,362775.39,90693.85
260,Jeanne,Garcia,F,1994-03-24,INSEE,2 94 03 24 18 409 2,jeanne.garcia@globalcorp.com,+33 6 78 13 80 98,2012-09-18,,Active,Internship,1.0,Machine Operator,junior,Operations,308.0,3680.19,EUR,Monthly,1222.08,P1,Nantes,France,Remote,70,3,26,13,Master,"Python, SAP, Excel, Jira, Kotlin","French, English",2018-11-07,3,Antoine +33 7 84 52 05 18,False,,31,45384.36,49015.11
261,Emil,Malinowski,M,1988-10-25,PESEL,88102579592,emil.malinowski@globalcorp.com,+48 518 224 721,2018-06-24,,Active,Contractor,0.8,Backend Developer,mid,IT,431.0,7270.01,PLN,Monthly,7063.46,P2,Krakow,Poland,Hybrid,49,3,20,6,Bachelor,"Figma, Negotiation, Financial Analysis, Scrum","Polish, English",2024-09-02,4,Karol +48 721 336 213,True,,36,94303.58,23575.9
262,Sara,Mulder,F,1984-04-28,BSN,930.840.860,sara.mulder@globalcorp.com,+31 6 15552479,2005-12-22,,Active,Permanent,0.25,SEO Specialist,mid,Marketing,396.0,35.93,EUR,Hourly,4360.4,P2,Amsterdam,Netherlands,Hybrid,4,4,26,5,Master,"Oracle, Figma, Docker, Negotiation","Dutch, English",2018-03-31,3,Bente +31 6 14594992,False,,41,76795.28,82938.9
263,Sabine,Koch,F,2005-09-02,Steuer-ID,20 907 558 810,sabine.koch@globalcorp.com,+49 159 5783493,2024-09-18,,Active,B2B,1.0,CFO,manager,Finance,,75.37,EUR,Hourly,9924.79,P5,Düsseldorf,Germany,Hybrid,33,1,20,14,High School,"Figma, PRINCE2, ITIL, Scrum","German, English",,1,Manfred +49 93 5527365,True,,19,161870.71,174820.37
264,Paulina,Jankowski,F,1978-12-17,PESEL,78121721269,paulina.jankowski@globalcorp.com,+48 608 735 891,2024-02-25,2025-04-06,Terminated,Permanent,1.0,Compliance Officer,senior,Legal,457.0,58.13,PLN,Hourly,27908.15,P3,Warsaw,Poland,Hybrid,102,3,20,1,Master,"Docker, Scrum, Python, SQL","Polish, German",2025-04-30,3,Karolina +48 692 918 495,False,1.11,46,145098.23,36274.56
265,Jack,Garcia,M,1987-10-11,SSN,512-09-2343,jack.garcia@globalcorp.com,+1 (590) 712-6402,2019-07-11,,Active,Permanent,1.0,Contract Specialist,mid,Legal,224.0,7972.3,USD,Monthly,7560.05,P2,San Diego,USA,Hybrid,87,3,20,14,Bachelor,"ITIL, AWS, Azure","English, Dutch, Russian",2021-02-25,2,Lily +1 (917) 936-7261,True,,37,103227.65,103227.65
266,Marta,Mazur,F,1996-03-01,PESEL,96030158273,marta.mazur@globalcorp.com,+48 791 307 314,2020-09-06,,Active,Permanent,0.5,Training Coordinator,mid,HR,499.0,8885.56,PLN,Monthly,17837.42,P2,Warsaw,Poland,Hybrid,102,3,20,19,High School,"Oracle, SQL, ITIL, Kotlin, Scrum","Polish, English, German",,2,Zofia +48 722 380 241,True,,29,124464.14,31116.03
267,Diana,Meyer,F,1973-02-24,Steuer-ID,39 974 875 485,diana.meyer@globalcorp.com,+49 221 7630233,1995-03-01,,Active,Internship,1.0,Warehouse Worker,junior,Logistics,219.0,27.25,EUR,Hourly,4777.64,P1,Hamburg,Germany,On-site,44,3,26,12,Bachelor,"Tableau, Scrum","German, English, French",,1,Jens +49 341 2486371,True,,52,59713.64,64490.73
268,Zuzanna,Kowalczyk,F,1991-01-15,PESEL,91011526494,zuzanna.kowalczyk@globalcorp.com,+48 730 349 198,2017-01-31,,Active,B2B,0.8,Junior Developer,junior,IT,349.0,5361.17,PLN,Monthly,0.0,P1,Lublin,Poland,Remote,58,3,20,10,PhD,"Azure, Python","Polish, English, Mandarin",,1,Jacek +48 694 399 712,False,,34,64334.04,16083.51
269,Pola,Zajac,F,2002-04-15,PESEL,02241516267,pola.zajac@globalcorp.com,+48 693 637 436,2024-12-05,,Active,Permanent,1.0,Marketing Specialist,mid,Marketing,192.0,8315.05,PLN,Monthly,4028.03,P2,Warsaw,Poland,On-site,102,3,20,11,Bachelor,"Jira, Photoshop, Azure, SAP","Polish, English",,4,Zuzanna +48 515 676 838,False,,23,103808.63,25952.16
270,Adrian,Jankowski,M,1984-09-29,PESEL,84092968952,adrian.jankowski@globalcorp.com,+48 519 864 861,2011-06-27,,Active,Permanent,1.0,Legal Counsel,mid,Legal,363.0,7523.38,PLN,Monthly,0.0,P2,Gdansk,Poland,Hybrid,39,2,26,2,Bachelor,"PRINCE2, Figma, ITIL",Polish,2023-09-22,5,Dominik +48 723 556 664,True,,40,90280.56,22570.14
271,Magdalena,Piotrowski,F,1986-10-16,PESEL,86101614647,magdalena.piotrowski@globalcorp.com,+48 722 620 335,2021-11-23,,Active,Permanent,1.0,Tech Lead,lead,IT,259.0,88.23,PLN,Hourly,0.0,P4,Poznan,Poland,Remote,81,3,20,13,Bachelor,"Accounting, Lean Six Sigma, Jira, AutoCAD, Figma","Polish, English, Korean",2023-06-26,3,Antoni +48 663 429 238,True,,38,177871.68,44467.92
272,Michal,Pawlowski,M,1978-07-14,PESEL,78071490321,michal.pawlowski@globalcorp.com,+48 662 161 324,2017-01-18,2025-01-10,Terminated,B2B,0.8,Dispatcher,junior,Logistics,258.0,5628.35,PLN,Monthly,10031.42,P1,Lublin,Poland,On-site,58,3,20,7,Master,"Figma, PRINCE2","Polish, English",2021-03-06,7,Krystyna +48 666 889 243,True,7.98,46,77571.62,19392.9
273,Jakub,Michalski,M,1989-09-16,PESEL,89091672183,jakub.michalski@globalcorp.com,+48 664 492 172,2012-06-14,,On Leave,Contractor,0.75,Business Development Manager,manager,Sales,,30664.18,PLN,Monthly,17486.34,P5,Warsaw,Poland,On-site,102,1,26,12,Master,"Azure, Python, Java, Excel","Polish, English, Korean",2015-06-25,2,Katarzyna +48 693 685 378,True,,35,385456.5,96364.12
274,Noé,Vincent,M,1977-12-09,INSEE,1 77 12 09 91 564 9,noe.vincent@globalcorp.com,+33 7 25 44 87 83,2000-02-11,2006-12-14,Terminated,Permanent,1.0,Logistics Manager,manager,Logistics,,93.71,EUR,Hourly,21187.26,P5,Montpellier,France,Hybrid,66,3,26,0,PhD,"Accounting, Excel, SQL","French, English, Portuguese",2009-09-22,3,Estelle +33 6 74 45 03 29,False,6.84,47,210106.62,226915.15
275,Gabriela,Serrano,F,1984-09-26,DNI,36467727P,gabriela.serrano@globalcorp.com,+34 617 484681,2003-02-14,,Active,Permanent,1.0,HR Manager,manager,HR,,53.3,EUR,Hourly,6048.91,P5,Valencia,Spain,Hybrid,99,4,26,23,Master,"Lean Six Sigma, Financial Analysis, Scrum, PRINCE2, Kotlin","Spanish, English, Dutch, Korean",2023-10-06,4,Miguel +34 600 123424,True,,40,113501.71,122581.85
276,Philipp,Krause,M,1970-02-08,Steuer-ID,59 689 975 134,philipp.krause@globalcorp.com,+49 331 4032529,1998-06-06,,Active,Fixed-term,1.0,Logistics Manager,manager,Logistics,,180708.19,EUR,Annual,19209.49,P5,Hamburg,Germany,On-site,44,5,26,9,Master,"Scrum, AWS","German, English, Russian",2019-09-05,2,Sabine +49 170 1006156,True,,55,199917.68,215911.09
277,Niklas,Koch,M,1958-11-12,Steuer-ID,75 417 402 814,niklas.koch@globalcorp.com,+49 261 2358277,1993-01-19,,Active,Permanent,0.5,Social Media Manager,manager,Marketing,,15995.4,EUR,Monthly,20052.58,P5,Hamburg,Germany,On-site,44,3,26,2,Master,"Oracle, Photoshop, Lean Six Sigma, Scrum","German, English",2003-04-25,2,Jens +49 173 1718985,True,,66,211997.38,228957.17
278,Phoebe,Anderson,F,1980-11-30,NINO,MB 19 52 14 C,phoebe.anderson@globalcorp.com,+44 7803 742427,2016-05-06,,Active,Permanent,1.0,Legal Director,manager,Legal,,10522.53,GBP,Monthly,0.0,P5,Manchester,UK,On-site,62,3,20,16,High School,"Kotlin, Excel, Lean Six Sigma, Python","English, Portuguese",,1,Zara +44 7402 755285,True,,44,126270.36,160363.36
279,Connor,Thompson,M,1980-09-10,SSN,657-20-7256,connor.thompson@globalcorp.com,+1 (621) 897-9960,2014-01-14,2015-03-10,Terminated,Permanent,0.8,Marketing Director,manager,Marketing,,27884.93,USD,Monthly,20416.08,P5,Phoenix,USA,Hybrid,80,3,26,26,MBA,"Oracle, Figma, Python",English,2021-09-27,3,Jade +1 (714) 305-7534,False,1.15,44,355035.24,355035.24
280,Tyler,Lewis,M,1981-05-13,SSN,806-23-0263,tyler.lewis@globalcorp.com,+1 (923) 274-8926,2011-11-18,2016-06-21,Terminated,Permanent,1.0,Bookkeeper,junior,Finance,373.0,6713.82,USD,Monthly,5838.9,P1,New York,USA,Hybrid,72,4,26,14,MBA,"AutoCAD, SAP, Oracle",English,2015-04-30,4,Logan +1 (526) 400-8057,True,4.59,44,86404.74,86404.74
281,Joanna,Nowicki,F,1992-09-21,PESEL,92092196255,joanna.nowicki@globalcorp.com,+48 607 506 470,2021-05-26,,Active,Permanent,1.0,Frontend Developer,mid,IT,32.0,40.25,PLN,Hourly,0.0,P2,Wroclaw,Poland,Remote,103,3,20,0,Bachelor,"Power BI, Kubernetes, AutoCAD","Polish, English",2022-08-18,2,Bianka +48 518 466 813,False,,32,81144.0,20286.0
282,Emil,Kucharski,M,1994-07-21,PESEL,94072179933,emil.kucharski@globalcorp.com,+48 605 888 673,2022-07-09,,On Leave,Contractor,1.0,Brand Manager,manager,Marketing,,21727.34,PLN,Monthly,20249.5,P5,Gdansk,Poland,Remote,39,3,20,20,Master,"Scrum, Python","Polish, English",,3,Sylwia +48 733 221 871,False,,30,280977.58,70244.4
283,Irena,Witkowski,F,1987-07-12,PESEL,87071236822,irena.witkowski@globalcorp.com,+48 790 958 477,2019-10-10,2024-09-22,Terminated,Permanent,1.0,Payroll Specialist,mid,HR,435.0,6973.27,PLN,Monthly,0.0,P2,Wroclaw,Poland,On-site,103,4,20,4,Bachelor,"Financial Analysis, Docker, Project Management","Polish, English, French",,2,Barbara +48 721 446 685,True,4.95,37,83679.24,20919.81
284,Grzegorz,Mazur,M,1991-04-22,PESEL,91042229542,grzegorz.mazur@globalcorp.com,+48 721 551 544,2023-10-30,,Active,Permanent,0.8,Frontend Developer,mid,IT,112.0,8949.1,PLN,Monthly,14452.03,P2,Warsaw,Poland,Hybrid,102,1,20,5,Master,"Scrum, React, Kotlin","Polish, English, Portuguese, Italian",2024-11-23,2,Kacper +48 667 302 455,True,,34,121841.23,30460.31
285,Antoine,Laurent,Other,1977-08-12,INSEE,2 77 08 12 11 856 4,antoine.laurent@globalcorp.com,+33 7 69 76 91 73,2006-05-12,,On Leave,B2B,0.75,Maintenance Technician,mid,Operations,365.0,4881.76,EUR,Monthly,4921.13,P2,Marseille,France,On-site,63,3,26,19,Master,"Accounting, Power BI, AWS","French, English",2017-03-09,3,Noé +33 7 66 24 47 10,False,,47,63502.25,68582.43
286,Lily,Brown,F,1975-01-18,NINO,MY 53 51 87 A,lily.brown@globalcorp.com,+44 7703 803506,2019-10-06,,Active,Contractor,0.75,Logistics Manager,manager,Logistics,,56.29,GBP,Hourly,0.0,P5,Birmingham,UK,Hybrid,14,3,20,6,PhD,"Power BI, Jira, Lean Six Sigma, React",English,2021-09-24,4,Amelia +44 7916 760238,False,,50,113480.64,144120.41
287,Emil,Lewandowski,M,1989-01-28,PESEL,89012862352,emil.lewandowski@globalcorp.com,+48 604 894 549,2014-10-28,,Active,Permanent,1.0,Junior Developer,junior,IT,92.0,4332.37,PLN,Monthly,5762.48,P1,Gdansk,Poland,Hybrid,39,3,26,2,Bachelor,"Python, Project Management, SAP, AutoCAD, Power BI","Polish, English",,6,Malgorzata +48 661 305 693,True,,36,57750.92,14437.73
288,Karin,Krüger,F,1973-09-02,Steuer-ID,21 725 260 354,karin.kruger@globalcorp.com,+49 211 3953601,1997-11-24,,Active,Permanent,0.8,Sales Representative,mid,Sales,318.0,5039.35,EUR,Monthly,0.0,P2,Dortmund,Germany,Remote,31,4,26,18,Master,"PRINCE2, PMP, ITIL","German, English",2005-07-18,1,Bernd +49 93 7423370,False,,51,60472.2,65309.98
289,Théo,Laurent,M,1972-07-04,INSEE,1 72 07 04 59 262 3,theo.laurent@globalcorp.com,+33 6 91 58 45 31,1995-08-10,,Active,Fixed-term,1.0,Brand Manager,manager,Marketing,,11855.5,EUR,Monthly,25433.85,P5,Nice,France,Hybrid,74,3,26,7,Master,"PRINCE2, Jira, Docker, Project Management","French, English, Spanish",2019-07-10,3,Adèle +33 6 29 00 32 60,True,,52,167699.85,181115.84
290,Sebastian,Szymanski,M,2005-09-23,PESEL,05292349772,sebastian.szymanski@globalcorp.com,+48 694 927 567,2023-11-21,,Active,Permanent,1.0,Marketing Specialist,mid,Marketing,311.0,7873.94,PLN,Monthly,0.0,P2,Gdansk,Poland,Hybrid,39,3,20,18,Bachelor,"Scrum, AutoCAD, Azure, Negotiation, Financial Analysis","Polish, English, Korean",2025-05-08,2,Lena +48 723 306 620,True,,19,94487.28,23621.82
291,Lotte,van Leeuwen,F,1985-04-25,BSN,959.020.652,lotte.vanleeuwen@globalcorp.com,+31 6 22161440,2024-07-05,,On Leave,Fixed-term,1.0,Legal Director,manager,Legal,,8748.55,EUR,Monthly,18294.34,P5,Amsterdam,Netherlands,Hybrid,4,3,20,3,Master,"Scrum, AWS, Lean Six Sigma, Figma, Excel","Dutch, English, Spanish",,5,Fleur +31 6 47592941,True,,40,123276.94,133139.1
292,Patrycja,Walczak,F,1980-03-19,PESEL,80031937461,patrycja.walczak@globalcorp.com,+48 733 881 910,2002-11-01,,Active,Permanent,1.0,Marketing Specialist,mid,Marketing,64.0,50.33,PLN,Hourly,0.0,P2,Szczecin,Poland,Remote,92,2,26,24,Master,"AWS, Scrum, SQL, Jira, Docker","Polish, Korean, Italian",,3,Wanda +48 516 648 794,False,,45,101465.28,25366.32
293,Grace,Wilson,F,1978-05-23,SSN,163-51-6136,grace.wilson@globalcorp.com,+1 (486) 699-4892,2020-09-12,,Active,Permanent,1.0,Bookkeeper,junior,Finance,323.0,4511.23,USD,Monthly,3286.43,P1,Chicago,USA,Hybrid,25,4,20,15,Master,"Tableau, Scrum","English, Russian",2022-12-24,3,Jack +1 (374) 274-9870,True,,47,57421.19,57421.19
294,Laura,Kruk,F,1970-06-11,PESEL,70061131623,laura.kruk@globalcorp.com,+48 602 284 445,2017-06-22,,Active,Permanent,1.0,Operations Supervisor,lead,Operations,308.0,18364.64,PLN,Monthly,0.0,P4,Krakow,Poland,Hybrid,49,4,20,5,MBA,"Jira, SQL, AWS, Financial Analysis","Polish, English",,5,Oliwia +48 517 320 511,True,,55,220375.68,55093.92
295,Sophie,Kroon,F,1987-02-15,BSN,181.513.699,sophie.kroon@globalcorp.com,+31 6 32098019,2014-01-26,,Active,B2B,1.0,Dispatcher,junior,Logistics,384.0,3253.78,EUR,Monthly,5054.58,P1,Amsterdam,Netherlands,Remote,4,5,26,15,High School,"Scrum, Negotiation","Dutch, English, Mandarin",,1,Lotte +31 6 48904587,True,,38,44099.94,47627.94
296,Bella,Robinson,F,1981-10-06,SSN,806-24-0935,bella.robinson@globalcorp.com,+1 (760) 565-8929,2023-04-12,,Active,Permanent,1.0,Social Media Manager,manager,Marketing,,24733.37,USD,Monthly,0.0,P5,New York,USA,Hybrid,72,4,20,19,Bachelor,"Kotlin, Lean Six Sigma, Power BI, Figma",English,2025-03-15,6,Jade +1 (701) 432-6435,True,,43,296800.44,296800.44
297,Anika,Das,F,1994-05-01,Aadhaar,9920 6009 4163,anika.das@globalcorp.com,+91 70393 78262,2024-04-15,,Active,Permanent,1.0,Marketing Specialist,mid,Marketing,469.0,79409.32,INR,Monthly,172263.67,P2,Ahmedabad,India,Hybrid,1,3,20,1,Bachelor,"Project Management, Salesforce","Hindi, English",2025-06-11,4,Tushar +91 94716 44740,True,,31,1125175.51,13502.11
298,Sophie,Jansen,F,1990-08-09,BSN,203.940.428,sophie.jansen@globalcorp.com,+31 6 23664790,2024-03-27,,Probation,Permanent,1.0,Marketing Specialist,mid,Marketing,150.0,4890.29,EUR,Monthly,9543.82,P2,Amsterdam,Netherlands,Hybrid,4,3,20,17,Bachelor,"Figma, Negotiation, Tableau, PMP, Scrum",Dutch,2025-06-03,3,Sem +31 6 59516888,False,,34,68227.3,73685.48
299,Matteo,Martini,M,1981-12-04,Codice Fiscale,MRTMTT81T04181B,matteo.martini@globalcorp.com,+39 363 8881530,2012-08-17,,Active,B2B,0.8,Data Scientist,lead,IT,259.0,6850.95,EUR,Monthly,6457.8,P4,Milan,Italy,Hybrid,65,3,26,12,Master,"Oracle, React, Salesforce","Italian, English",,6,Carlotta +39 361 3365676,True,,43,88669.2,95762.74
300,Pablo,Ruiz,M,1965-05-09,DNI,74064767Y,pablo.ruiz@globalcorp.com,+34 616 362250,1995-12-02,,Active,Permanent,1.0,Copywriter,mid,Marketing,97.0,4734.86,EUR,Monthly,5461.14,P2,Madrid,Spain,Hybrid,60,1,26,25,PhD,"ITIL, Figma, Financial Analysis, React","Spanish, English, Arabic",2007-03-11,3,Laura +34 640 133479,False,,60,62279.46,67261.82
301,Antonio,Galli,M,1985-04-06,Codice Fiscale,GLLNTN85D06513B,antonio.galli@globalcorp.com,+39 381 5165389,2004-03-26,,Active,Fixed-term,1.0,Copywriter,mid,Marketing,469.0,4586.85,EUR,Monthly,3710.24,P2,Verona,Italy,On-site,101,3,26,5,Master,"AWS, SQL, Azure, Project Management, Kubernetes","Italian, English, German",2017-05-20,3,Valentina +39 383 1734348,False,,40,58752.44,63452.64
302,Wanda,Jankowski,F,1984-06-12,PESEL,84061210811,wanda.jankowski@globalcorp.com,+48 667 734 223,2021-10-24,,Active,Fixed-term,0.8,Supply Chain Analyst,mid,Logistics,394.0,36.42,PLN,Hourly,0.0,P2,Katowice,Poland,Hybrid,48,3,20,15,Master,"ITIL, Project Management, Python, Java","Polish, English",2023-05-22,4,Robert +48 721 762 250,False,,41,73422.72,18355.68
303,Thomas,Martin,M,1963-05-11,INSEE,1 63 05 11 44 457 8,thomas.martin@globalcorp.com,+33 7 36 47 61 18,2019-11-21,,On Leave,Permanent,0.5,Legal Assistant,junior,Legal,498.0,3159.34,EUR,Monthly,0.0,P1,Rennes,France,Hybrid,83,1,20,20,Bachelor,"SQL, Power BI",French,2024-12-05,0,Arthur +33 7 87 66 46 30,False,,62,37912.08,40945.05
304,Mark,Johnson,M,1989-08-01,NINO,WK 81 37 13 D,mark.johnson@globalcorp.com,+44 7800 348146,2017-03-09,,Active,Internship,0.75,Marketing Specialist,mid,Marketing,277.0,5164.36,GBP,Monthly,7800.8,P2,Bristol,UK,Remote,20,4,20,7,Bachelor,"Docker, Salesforce, Project Management, AutoCAD, AWS","English, Polish",2023-11-28,3,Mark +44 7454 373058,True,,35,69773.12,88611.86
305,Scarlett,King,F,1973-04-23,SSN,530-78-5157,scarlett.king@globalcorp.com,+1 (314) 302-9278,1993-09-24,,Active,Contractor,0.75,Payroll Specialist,mid,HR,201.0,9012.49,USD,Monthly,11755.22,P2,Boston,USA,Hybrid,17,2,26,2,Master,"SAP, Scrum, Negotiation","English, Italian",1995-04-30,5,Sebastian +1 (304) 525-5173,True,,52,119905.1,119905.1
306,Scarlett,Harris,F,1995-05-29,NINO,XX 91 51 23 C,scarlett.harris@globalcorp.com,+44 7922 454149,2023-05-09,,Active,Permanent,0.25,Key Account Manager,manager,Sales,,9934.67,GBP,Monthly,0.0,P5,Birmingham,UK,Remote,14,3,20,8,Master,"Kotlin, Scrum","English, Polish",2025-03-13,5,James +44 7704 706900,True,,30,119216.04,151404.37
307,Bernd,Müller,M,1984-10-17,Steuer-ID,48 267 927 054,bernd.muller@globalcorp.com,+49 172 4769919,2009-07-25,2017-12-12,Terminated,Permanent,1.0,Tech Lead,lead,IT,349.0,11146.21,EUR,Monthly,0.0,P4,Berlin,Germany,Remote,11,4,26,16,Bachelor,"Jira, Salesforce","German, English, Polish, Korean",2011-11-16,5,Sebastian +49 151 7327847,True,8.38,40,133754.52,144454.88
308,Eva,Domínguez,F,1978-01-24,DNI,97984705J,eva.dominguez@globalcorp.com,+34 608 594690,2012-03-14,,Active,Permanent,0.5,Operations Manager,manager,Operations,,8115.47,EUR,Monthly,12384.46,P5,Barcelona,Spain,Hybrid,9,3,26,17,PhD,"AutoCAD, Excel","Spanish, English",2023-05-01,4,Andrea +34 629 120561,True,,47,109770.1,118551.71
309,Daniel,Schmitt,M,1986-09-26,Steuer-ID,07 968 295 676,daniel.schmitt@globalcorp.com,+49 361 9867592,2018-06-04,,Active,Permanent,0.5,Legal Director,manager,Legal,,15791.42,EUR,Monthly,8325.53,P5,Munich,Germany,On-site,68,2,20,10,Master,"React, ITIL, SAP",German,,8,David +49 159 8668535,False,,38,197822.57,213648.38
310,Daniel,Nowicki,Other,1986-03-14,PESEL,86031438568,daniel.nowicki@globalcorp.com,+48 606 277 219,2007-04-22,2008-05-23,Terminated,Permanent,1.0,Warehouse Worker,junior,Logistics,351.0,29.78,PLN,Hourly,10252.32,P1,Lodz,Poland,Hybrid,55,3,26,25,Bachelor,"AWS, Jira, PRINCE2","Polish, English",2014-09-19,4,Maciej +48 663 725 689,False,1.09,39,70288.8,17572.2
311,Isla,Smith,F,1985-09-25,NINO,RX 45 51 00 C,isla.smith@globalcorp.com,+44 7701 641008,2005-02-04,,Active,Contractor,0.75,Content Manager,manager,Marketing,,62.73,GBP,Hourly,0.0,P5,London,UK,Hybrid,56,4,26,15,Master,"React, Figma, Lean Six Sigma, Power BI","English, French",2024-06-19,2,Charlie +44 7920 338597,True,,39,126463.68,160608.87
312,Lucy,Wright,F,1993-01-29,NINO,KX 71 13 90 A,lucy.wright@globalcorp.com,+44 7402 783085,2012-03-20,,Active,Contractor,0.8,Account Manager,manager,Sales,,10151.52,GBP,Monthly,0.0,P5,London,UK,Hybrid,56,4,26,17,Master,"PMP, Azure, Kotlin, Accounting, Jira",English,2019-12-21,3,Lily +44 7916 584918,False,,32,121818.24,154709.16
313,Stanislaw,Wilk,Other,1966-12-31,PESEL,66123112642,stanislaw.wilk@globalcorp.com,+48 664 813 516,2023-11-02,,Active,Permanent,0.8,Accountant,senior,Finance,48.0,11775.52,PLN,Monthly,19660.68,P3,Gdansk,Poland,On-site,39,3,20,20,Bachelor,"SAP, Python, Project Management, Financial Analysis, PRINCE2","Polish, English",2025-03-02,2,Filip +48 668 319 863,True,,58,160966.92,40241.73
314,Wolfgang,Koch,M,1987-01-03,Steuer-ID,96 413 527 922,wolfgang.koch@globalcorp.com,+49 170 1193160,2024-08-13,,Active,Permanent,0.75,Content Manager,manager,Marketing,,13657.17,EUR,Monthly,25802.01,P5,Berlin,Germany,Hybrid,11,1,20,19,Master,"AWS, React, Accounting, Figma, Python","German, English",,1,Karin +49 90 8455005,True,,38,189688.05,204863.09
315,Sophie,Schröder,F,1977-02-01,Steuer-ID,17 422 046 204,sophie.schroder@globalcorp.com,+49 331 5854952,2008-01-24,,On Leave,Permanent,1.0,Marketing Director,manager,Marketing,,17028.45,EUR,Monthly,4950.2,P5,Berlin,Germany,Hybrid,11,3,26,9,Master,"Scrum, AutoCAD, Tableau, Salesforce","German, English, French, Spanish",2021-08-11,4,Hans +49 152 6638509,True,,48,209291.6,226034.93
316,Andreas,Schulz,M,1982-09-24,Steuer-ID,63 217 875 730,andreas.schulz@globalcorp.com,+49 89 8895288,2011-04-11,,Active,Permanent,1.0,HR Specialist,mid,HR,345.0,6872.2,EUR,Monthly,10054.53,P2,Berlin,Germany,Hybrid,11,3,26,7,Master,"Lean Six Sigma, Scrum, Jira, Power BI","German, English",2012-11-17,7,Diana +49 92 6740491,True,,42,92520.93,99922.6
317,Max,Weber,M,1999-07-27,Steuer-ID,37 699 202 880,max.weber@globalcorp.com,+49 170 3832183,2020-10-16,2021-06-04,Terminated,Permanent,1.0,Logistics Manager,manager,Logistics,,12766.64,EUR,Monthly,27110.42,P5,Stuttgart,Germany,Remote,91,4,20,15,Master,"ITIL, SAP","German, English",2023-05-23,3,Lena +49 211 2122444,True,0.63,25,180310.1,194734.91
318,Jaime,Vázquez,M,1977-10-09,DNI,15697206M,jaime.vazquez@globalcorp.com,+34 613 196042,2006-03-10,,Active,Contractor,0.8,Sales Director,manager,Sales,,10276.81,EUR,Monthly,4949.83,P5,Madrid,Spain,Hybrid,60,4,26,14,Master,"Docker, Negotiation","Spanish, English",,1,Álvaro +34 630 101738,True,,47,128271.55,138533.27
319,Daniel,Klein,M,1988-11-02,Steuer-ID,59 553 088 173,daniel.klein@globalcorp.com,+49 151 1740805,2016-12-25,,Active,Contractor,0.75,Talent Acquisition Specialist,mid,HR,366.0,5214.54,EUR,Monthly,8230.12,P2,Berlin,Germany,Hybrid,11,4,20,9,Bachelor,"Kubernetes, PMP, Lean Six Sigma","German, English, Portuguese, Mandarin",2018-10-21,7,Andrea +49 231 3320285,True,,36,70804.6,76468.97
320,Brooklyn,Clark,F,1994-06-08,SSN,393-85-8420,brooklyn.clark@globalcorp.com,+1 (619) 321-2751,2017-02-01,,Active,Permanent,0.75,System Administrator,mid,IT,163.0,7171.62,USD,Monthly,0.0,P2,Los Angeles,USA,Hybrid,57,5,20,14,High School,"ITIL, Salesforce",English,2019-02-10,5,Bella +1 (742) 231-5285,True,,31,86059.44,86059.44
321,Camila,Perez,F,1989-11-13,SSN,172-31-8213,camila.perez@globalcorp.com,+1 (294) 778-6720,2018-09-23,,Active,Fixed-term,0.8,Senior Developer,mid,IT,109.0,9910.06,USD,Monthly,0.0,P2,Austin,USA,Hybrid,7,3,20,13,Bachelor,"Financial Analysis, Scrum, Tableau, Jira, ITIL",English,,3,Penelope +1 (437) 824-4031,False,,35,118920.72,118920.72
322,Arthur,Ramirez,M,1985-03-09,NINO,YB 84 50 66 C,arthur.ramirez@globalcorp.com,+44 7921 200345,2011-08-21,,Active,Fixed-term,0.5,Accountant,senior,Finance,48.0,7397.88,GBP,Monthly,4159.2,P3,London,UK,Hybrid,56,5,26,24,Bachelor,"Project Management, Excel, Docker, Financial Analysis","English, Korean",2025-04-24,2,Liam +44 7917 420793,True,,40,92933.76,118025.88
323,Petra,Schmitt,F,1987-12-14,Steuer-ID,79 879 665 705,petra.schmitt@globalcorp.com,+49 173 5101303,2018-04-06,,Active,B2B,1.0,Financial Analyst,mid,Finance,243.0,5235.27,EUR,Monthly,0.0,P2,Berlin,Germany,Hybrid,11,3,20,7,Bachelor,"AutoCAD, Financial Analysis","German, English",,4,Marina +49 381 8311380,False,,37,62823.24,67849.1
324,Pierre,Richard,M,1990-09-16,INSEE,1 90 09 16 41 920 7,pierre.richard@globalcorp.com,+33 7 12 40 37 54,2024-07-27,,Active,Permanent,0.5,Backend Developer,mid,IT,72.0,4249.98,EUR,Monthly,7981.88,P2,Lille,France,Hybrid,53,2,20,15,Master,"Financial Analysis, SQL, Tableau, Photoshop","French, English",,4,Lola +33 7 59 04 30 88,True,,34,58981.64,63700.17
325,Tom,Dekker,M,1976-06-08,BSN,702.421.984,tom.dekker@globalcorp.com,+31 6 39521080,2000-10-28,,Active,Permanent,1.0,Legal Director,manager,Legal,,15695.8,EUR,Monthly,25061.65,P5,Almere,Netherlands,Hybrid,3,4,26,6,Bachelor,"Figma, Negotiation","Dutch, English",,2,Jade +31 6 36417550,True,,49,213411.25,230484.15
326,Valentina,Ramírez,F,1984-01-05,DNI,21930346F,valentina.ramirez2@globalcorp.com,+34 635 580856,2003-06-26,,Active,Fixed-term,1.0,Recruiter,mid,HR,174.0,3730.17,EUR,Monthly,4282.65,P2,Madrid,Spain,On-site,60,4,26,25,Bachelor,"Negotiation, Financial Analysis, Docker",Spanish,2015-08-12,4,Mario +34 649 977978,True,,41,49044.69,52968.27
327,Maarten,Mulder,M,2005-08-18,BSN,170.787.990,maarten.mulder@globalcorp.com,+31 6 52417345,2024-08-11,2024-12-18,Terminated,Permanent,1.0,Sales Manager,manager,Sales,,11901.39,EUR,Monthly,0.0,P5,Rotterdam,Netherlands,Remote,85,5,20,1,Master,"Financial Analysis, Negotiation","Dutch, English",,1,Lucas +31 6 21983430,False,0.35,19,142816.68,154242.01
328,Anaïs,Thomas,F,1989-06-25,INSEE,2 89 06 25 33 783 7,anais.thomas@globalcorp.com,+33 6 43 21 86 61,2009-08-16,,Active,Fixed-term,1.0,Treasury Specialist,mid,Finance,34.0,5806.0,EUR,Monthly,3669.43,P2,Paris,France,Remote,78,3,26,20,Bachelor,"AutoCAD, Python, Azure, Financial Analysis","French, English, Russian, Portuguese",2017-04-02,1,Nina +33 7 52 08 83 75,True,,36,73341.43,79208.74
329,Hugo,Ramos,M,1985-09-30,DNI,37793302R,hugo.ramos@globalcorp.com,+34 624 658747,2008-10-09,,Active,Permanent,1.0,Controller,senior,Finance,243.0,6486.19,EUR,Monthly,6890.73,P3,Malaga,Spain,Hybrid,61,3,26,2,Master,"Java, PMP, Negotiation","Spanish, English, German",,3,Daniela +34 611 653127,True,,39,84725.01,91503.01
330,Karin,Klein,F,1981-06-30,Steuer-ID,24 487 704 724,karin.klein@globalcorp.com,+49 291 7253938,2020-01-09,,Active,Fixed-term,1.0,Legal Director,manager,Legal,,10033.3,EUR,Monthly,17575.01,P5,Munich,Germany,Hybrid,68,4,20,18,Master,"Negotiation, Financial Analysis, PRINCE2, AWS","German, English, Japanese",,4,Frank +49 173 4211349,False,,44,137974.61,149012.58
331,Enrico,Giordano,M,1977-02-04,Codice Fiscale,GRDNRC77B04753R,enrico.giordano@globalcorp.com,+39 363 4720030,2007-10-19,2013-12-01,Terminated,B2B,1.0,Account Manager,manager,Sales,,9336.06,EUR,Monthly,19664.01,P5,Venice,Italy,Hybrid,100,2,26,25,Bachelor,"Lean Six Sigma, AWS, Docker, Java, React","Italian, English",2018-10-12,5,Giovanni +39 388 1262551,False,6.12,48,131696.73,142232.47
332,Marek,Jaworski,M,1987-07-06,PESEL,87070681586,marek.jaworski@globalcorp.com,+48 723 333 172,2016-06-28,,Active,Permanent,0.8,SEO Specialist,mid,Marketing,314.0,8436.11,PLN,Monthly,0.0,P2,Katowice,Poland,Hybrid,48,3,20,17,High School,"Power BI, Azure","Polish, English, Spanish, German",,4,Pola +48 518 882 402,False,,37,101233.32,25308.33
333,Nadia,Alonso,F,1988-04-18,DNI,43364414F,nadia.alonso@globalcorp.com,+34 684 120266,2021-03-13,,Active,Permanent,1.0,Legal Assistant,junior,Legal,270.0,2693.67,EUR,Monthly,1034.77,P1,Seville,Spain,Hybrid,89,3,20,16,Master,"Scrum, Salesforce, Docker","Spanish, Arabic",,7,Sara +34 637 540686,False,,37,33358.81,36027.51
334,Samuel,Martin,M,1984-02-27,SSN,214-52-8886,samuel.martin@globalcorp.com,+1 (426) 291-3086,2005-02-26,,Active,B2B,1.0,Mid Developer,mid,IT,51.0,11563.96,USD,Monthly,16795.02,P2,New York,USA,Hybrid,72,2,26,12,High School,"Salesforce, Oracle, AutoCAD, PRINCE2, SQL",English,2008-05-20,3,Connor +1 (546) 645-9849,True,,41,155562.54,155562.54
335,Wojciech,Piotrowski,M,2005-05-18,PESEL,05251879742,wojciech.piotrowski@globalcorp.com,+48 661 216 519,2024-05-22,,Active,Permanent,1.0,QA Specialist,mid,IT,349.0,7749.77,PLN,Monthly,3864.27,P2,Lublin,Poland,Remote,58,2,20,5,Master,"Power BI, Project Management, PMP","Polish, English, Dutch",2025-06-12,4,Kamil +48 515 328 318,False,,20,96861.51,24215.38
336,Baptiste,Lefebvre,M,1977-04-02,INSEE,1 77 04 02 93 981 2,baptiste.lefebvre@globalcorp.com,+33 7 19 45 43 15,1996-04-16,2000-04-24,Terminated,Fixed-term,1.0,Inside Sales Specialist,junior,Sales,152.0,3395.77,EUR,Monthly,5920.04,P1,Strasbourg,France,Hybrid,90,4,26,26,Master,"Lean Six Sigma, SAP","French, English, Korean, Hindi",2000-09-10,1,Romane +33 6 91 84 06 78,True,4.02,48,46669.28,50402.82
337,Artur,Kowalczyk,M,1975-03-26,PESEL,75032649972,artur.kowalczyk@globalcorp.com,+48 732 568 638,2009-05-03,,Active,Fixed-term,1.0,Legal Counsel,mid,Legal,390.0,7989.86,PLN,Monthly,0.0,P2,Katowice,Poland,Hybrid,48,1,26,14,Master,"Oracle, SQL, Financial Analysis, Kotlin, Lean Six Sigma","Polish, English, Mandarin",2014-02-11,4,Franciszek +48 693 611 497,False,,50,95878.32,23969.58
338,Carlotta,Caruso,Other,1981-07-16,Codice Fiscale,CRSCRL81L16407I,carlotta.caruso@globalcorp.com,+39 361 4496819,2005-05-10,,On Leave,Permanent,1.0,Legal Assistant,junior,Legal,346.0,3135.02,EUR,Monthly,4552.14,P1,Rome,Italy,Hybrid,84,4,26,22,Master,"Java, Oracle, Accounting","Italian, English, Spanish",2016-08-27,2,Noemi +39 347 4421760,True,,43,42172.38,45546.17
339,Amelia,Kozlowski,F,1984-01-21,PESEL,84012189030,amelia.kozlowski@globalcorp.com,+48 517 555 881,2023-06-01,,Active,B2B,0.8,Sales Manager,manager,Sales,,19291.58,PLN,Monthly,0.0,P5,Lodz,Poland,Hybrid,55,4,20,14,PhD,"Project Management, Photoshop, Financial Analysis","Polish, English",2025-01-09,2,Aleksandra +48 732 879 736,True,,41,231498.96,57874.74
340,Matthew,Thomas,M,1976-05-30,SSN,233-14-8426,matthew.thomas@globalcorp.com,+1 (451) 896-8688,2002-07-06,,Active,Permanent,1.0,Financial Analyst,mid,Finance,322.0,9957.04,USD,Monthly,9459.46,P2,Seattle,USA,Hybrid,88,3,26,18,High School,"Photoshop, Azure, AutoCAD, Oracle, AWS","English, Spanish",,6,Brian +1 (440) 212-1854,True,,49,128943.94,128943.94
341,Oliwia,Zajac,F,1987-04-06,PESEL,87040636682,oliwia.zajac@globalcorp.com,+48 602 616 772,2009-04-24,,Active,Fixed-term,0.8,Warehouse Worker,junior,Logistics,226.0,6720.51,PLN,Monthly,0.0,P1,Szczecin,Poland,Remote,92,3,26,9,PhD,"PRINCE2, Project Management, Scrum, Accounting","Polish, English",2023-03-31,1,Martyna +48 728 192 511,False,,38,80646.12,20161.53
342,Abhinav,Sharma,M,1988-02-17,Aadhaar,6544 1034 7422,abhinav.sharma@globalcorp.com,+91 76968 88820,2006-05-28,,Active,Permanent,1.0,DevOps Engineer,mid,IT,349.0,85270.62,INR,Monthly,75325.53,P2,Chennai,India,On-site,24,1,26,11,Master,"Salesforce, Java, Excel","Hindi, English",,2,Karan +91 63179 42491,True,,37,1098572.97,13182.88
343,Wouter,Hendriks,M,1991-06-14,BSN,489.254.469,wouter.hendriks@globalcorp.com,+31 6 13247037,2011-08-04,,Active,Permanent,0.8,HR Specialist,mid,HR,435.0,5375.17,EUR,Monthly,6692.83,P2,The Hague,Netherlands,Hybrid,93,4,26,11,Bachelor,"PRINCE2, Kubernetes, SQL","Dutch, English, Portuguese",2015-12-01,3,Fleur +31 6 13704419,False,,34,71194.87,76890.46
344,Inès,Michel,F,1979-09-04,INSEE,2 79 09 04 39 158 1,ines.michel@globalcorp.com,+33 7 54 06 37 12,2003-09-08,,Active,Permanent,0.5,Finance Manager,manager,Finance,,10885.52,EUR,Monthly,13370.4,P5,Lyon,France,Hybrid,59,2,26,16,Bachelor,"Kotlin, Figma, Project Management, Java, Jira","French, English",,3,Raphaël +33 6 17 64 40 62,True,,45,143996.64,155516.37
345,Iris,Smits,F,1998-04-15,BSN,993.585.498,iris.smits@globalcorp.com,+31 6 13561853,2018-05-21,,Active,Contractor,1.0,HR Manager,manager,HR,,11014.71,EUR,Monthly,22040.77,P5,Groningen,Netherlands,Remote,43,3,20,15,Bachelor,"Java, Power BI, Tableau","Dutch, English, Mandarin",,3,Niels +31 6 46779727,True,,27,154217.29,166554.67
346,Maarten,van Dijk,M,1991-12-03,BSN,137.731.164,maarten.vandijk@globalcorp.com,+31 6 55417483,2021-06-02,,Active,Contractor,1.0,Contract Specialist,mid,Legal,466.0,5101.71,EUR,Monthly,8453.74,P2,Breda,Netherlands,Hybrid,18,5,20,4,PhD,"SQL, Lean Six Sigma, AWS, Figma","Dutch, English",,3,Gwen +31 6 25509144,True,,33,69674.26,75248.2
347,Isabella,Allen,F,2005-08-29,SSN,442-81-0169,isabella.allen@globalcorp.com,+1 (551) 418-3383,2025-04-15,,Active,B2B,1.0,Copywriter,mid,Marketing,222.0,7110.64,USD,Monthly,6921.56,P2,San Antonio,USA,Hybrid,86,3,20,4,Bachelor,"ITIL, Lean Six Sigma",English,,3,Adam +1 (396) 839-5270,True,,19,92249.24,92249.24
348,Christian,Koch,M,1977-05-10,Steuer-ID,72 995 321 914,christian.koch@globalcorp.com,+49 381 9866589,2021-02-19,,Probation,Permanent,1.0,Sales Manager,manager,Sales,,10645.05,EUR,Monthly,0.0,P5,Munich,Germany,Hybrid,68,3,20,1,PhD,"Azure, Negotiation, Kotlin, Excel","German, English, French, Spanish",,3,Elisabeth +49 44 9432181,False,,48,127740.6,137959.85
349,Mathilde,Vincent,F,1976-09-14,INSEE,2 76 09 14 46 710 2,mathilde.vincent@globalcorp.com,+33 7 74 07 85 07,2024-02-25,,Active,Permanent,1.0,IT Manager,manager,IT,,8941.8,EUR,Monthly,13194.55,P5,Paris,France,Hybrid,78,5,20,11,Master,"Jira, Negotiation","French, English, Italian",2025-04-29,7,Bastien +33 7 91 85 37 81,False,,48,120496.15,130135.84
350,Bartosz,Nowak,M,1982-04-06,PESEL,82040685759,bartosz.nowak@globalcorp.com,+48 732 302 243,2022-12-05,,Active,B2B,1.0,System Administrator,mid,IT,109.0,6132.27,PLN,Monthly,9907.48,P2,Poznan,Poland,Remote,81,2,20,14,Master,"Salesforce, Photoshop, ITIL",Polish,,1,Irena +48 733 699 591,False,,43,83494.72,20873.68
351,Juliette,Michel,F,1988-11-08,INSEE,2 88 11 08 73 609 3,juliette.michel@globalcorp.com,+33 7 37 72 05 48,2015-05-06,,Active,Fixed-term,0.75,Logistics Coordinator,mid,Logistics,225.0,63357.33,EUR,Annual,7239.59,P2,Bordeaux,France,Remote,16,2,26,5,Master,"React, Java","French, English",2020-10-24,5,Edouard +33 6 97 43 89 28,True,,36,70596.92,76244.67
352,Zofia,Dudek,F,1989-08-03,PESEL,89080349210,zofia.dudek@globalcorp.com,+48 608 324 873,2014-07-27,,Active,Permanent,0.5,SEO Specialist,mid,Marketing,222.0,9314.7,PLN,Monthly,17573.82,P2,Warsaw,Poland,Remote,102,3,26,19,Bachelor,"SAP, AutoCAD, Python, PMP, Salesforce","Polish, English",,5,Maciej +48 728 967 696,True,,35,129350.22,32337.56
353,Simon,Petit,M,1991-02-19,INSEE,1 91 02 19 20 488 2,simon.petit@globalcorp.com,+33 7 69 78 74 06,2019-10-04,,Active,Contractor,1.0,Treasury Specialist,mid,Finance,474.0,4657.27,EUR,Monthly,0.0,P2,Lyon,France,Remote,59,4,20,0,Bachelor,"Kubernetes, Jira, Docker, PMP","French, English",,9,Thomas +33 6 00 86 25 86,False,,34,55887.24,60358.22
354,François,Robert,M,2005-08-21,INSEE,1 05 08 21 05 384 1,francois.robert@globalcorp.com,+33 7 96 55 10 09,2024-03-24,,Probation,Permanent,1.0,HR Manager,manager,HR,,10870.34,EUR,Monthly,5484.96,P5,Rennes,France,On-site,83,4,20,18,PhD,"Figma, Negotiation, Kubernetes, Accounting, Python","French, English, Italian",2025-06-20,0,Olivia +33 6 06 56 91 90,False,,19,135929.04,146803.36
355,Lucy,Davis,F,1966-10-30,NINO,LL 89 70 47 C,lucy.davis2@globalcorp.com,+44 7915 334157,2009-05-17,,Active,Permanent,1.0,Finance Manager,manager,Finance,,11196.31,GBP,Monthly,16326.23,P5,Birmingham,UK,Hybrid,14,4,26,18,Bachelor,"PRINCE2, Financial Analysis, Lean Six Sigma","English, Spanish, German",2021-12-04,4,Ava +44 7916 712443,False,,58,150681.95,191366.08
356,Héloïse,Simon,F,1967-05-28,INSEE,2 67 05 28 44 492 8,heloise.simon@globalcorp.com,+33 6 42 43 67 04,2025-06-27,2025-06-16,Terminated,Contractor,1.0,Logistics Coordinator,mid,Logistics,226.0,4151.59,EUR,Monthly,8198.11,P2,Paris,France,Hybrid,78,5,20,14,PhD,"React, Jira","French, English",,3,François +33 7 92 96 03 83,True,-0.03,58,58017.19,62658.57
357,Emilio,Esposito,M,1983-11-10,Codice Fiscale,SPSMLE83S10464T,emilio.esposito@globalcorp.com,+39 393 8816494,2006-07-17,,Active,Permanent,0.75,Audit Specialist,mid,Finance,449.0,3603.5,EUR,Monthly,2819.22,P2,Naples,Italy,Hybrid,71,1,26,19,MBA,"Azure, ITIL, Excel","Italian, English",,5,Valentina +39 347 4084401,False,,41,46061.22,49746.12
358,Lucas,Wolters,M,2005-11-17,BSN,487.791.502,lucas.wolters@globalcorp.com,+31 6 47614329,2025-02-13,2025-04-05,Terminated,Permanent,1.0,Accountant,senior,Finance,373.0,7104.62,EUR,Monthly,3435.82,P3,The Hague,Netherlands,Hybrid,93,3,20,7,High School,"Power BI, Kubernetes, Photoshop, SQL","Dutch, English, Arabic",,2,Lisa +31 6 43145112,True,0.14,19,88691.26,95786.56
359,Emily,Jackson,F,1992-11-02,NINO,AR 67 13 68 D,emily.jackson@globalcorp.com,+44 7400 976611,2024-07-19,,Active,Fixed-term,1.0,Sales Director,manager,Sales,,8388.08,GBP,Monthly,18619.17,P5,London,UK,Hybrid,56,2,20,20,Master,"ITIL, Scrum, Azure",English,,1,Lucy +44 7453 906045,False,,32,119276.13,151480.69
360,Charles,Mercier,M,1975-07-08,INSEE,1 75 07 08 08 461 3,charles.mercier@globalcorp.com,+33 7 89 20 64 02,2010-09-13,,On Leave,Internship,1.0,Logistics Manager,manager,Logistics,,13260.94,EUR,Monthly,23251.4,P5,Nantes,France,On-site,70,5,26,20,Bachelor,"Financial Analysis, SAP","French, English",2017-03-19,2,Adrien +33 7 16 96 48 15,False,,49,182382.68,196973.29
361,Henry,Perez,M,1986-03-07,SSN,010-82-1230,henry.perez@globalcorp.com,+1 (991) 490-3348,2011-10-08,,Active,Permanent,1.0,Inside Sales Specialist,junior,Sales,339.0,5099.66,USD,Monthly,6318.53,P1,San Antonio,USA,Hybrid,86,5,26,4,Master,"React, AutoCAD, Oracle","English, Polish",2023-07-26,3,Scarlett +1 (484) 221-4973,False,,39,67514.45,67514.45
362,Dawid,Wojcik,M,1983-04-19,PESEL,83041983914,dawid.wojcik@globalcorp.com,+48 695 697 398,2007-06-18,,Active,B2B,1.0,CFO,manager,Finance,,33063.95,PLN,Monthly,0.0,P5,Gdansk,Poland,Hybrid,39,3,26,24,MBA,"Accounting, Salesforce, SQL, Photoshop",Polish,2014-04-17,0,Zbigniew +48 724 823 405,True,,42,396767.4,99191.85
363,Lukasz,Kucharski,M,1982-03-11,PESEL,82031111382,lukasz.kucharski@globalcorp.com,+48 729 621 244,2004-06-10,,Active,Permanent,1.0,Compliance Officer,senior,Legal,330.0,12996.13,PLN,Monthly,28319.16,P3,Poznan,Poland,Remote,81,4,26,19,PhD,"Accounting, Power BI, PMP, ITIL, PRINCE2","Polish, English, Hindi, Korean",2008-09-04,3,Laura +48 518 270 643,False,,43,184272.72,46068.18
364,Wiktor,Zajac,M,1979-12-24,PESEL,79122449541,wiktor.zajac@globalcorp.com,+48 606 862 180,2006-10-27,,Active,Permanent,1.0,Contract Specialist,mid,Legal,406.0,11358.37,PLN,Monthly,14460.03,P2,Warsaw,Poland,Hybrid,102,3,26,8,PhD,"AutoCAD, ITIL, AWS","Polish, English, Korean",2016-08-07,0,Julia +48 724 659 214,True,,45,150760.47,37690.12
365,Sofía,Gutiérrez,F,1985-04-18,DNI,62642303D,sofia.gutierrez@globalcorp.com,+34 600 690850,2019-11-13,,Active,Permanent,1.0,Shift Leader,lead,Operations,94.0,32.37,EUR,Hourly,0.0,P4,Madrid,Spain,Hybrid,60,2,20,19,Bachelor,"ITIL, Tableau, Jira","Spanish, English",2024-12-07,2,Emma +34 629 339494,True,,40,65257.92,70478.55
366,Jacob,Martin,M,1995-04-16,NINO,PC 16 41 77 A,jacob.martin@globalcorp.com,+44 7703 327549,2019-07-31,,Active,Permanent,0.75,HR Manager,manager,HR,,12618.28,GBP,Monthly,0.0,P5,London,UK,Remote,56,3,20,5,Master,"PRINCE2, Java","English, Korean, Italian",2021-08-27,4,Michael +44 7916 259760,False,,30,151419.36,192302.59
367,Davide,Conti,M,1980-11-24,Codice Fiscale,CNTDVD80S24281H,davide.conti@globalcorp.com,+39 350 2652258,2004-10-14,,Active,Permanent,1.0,HR Business Partner,senior,HR,18.0,6350.44,EUR,Monthly,3205.96,P3,Rome,Italy,Remote,84,5,26,17,Bachelor,"PRINCE2, Kotlin","Italian, English, Russian, Spanish",,3,Aurora +39 325 7525701,True,,44,79411.24,85764.14
368,Gabriel,Fernández,M,1991-09-13,DNI,37083180G,gabriel.fernandez@globalcorp.com,+34 626 310513,2018-04-06,,Active,Permanent,0.8,Senior Developer,mid,IT,72.0,39830.09,EUR,Annual,3682.99,P2,Murcia,Spain,Hybrid,69,3,20,14,PhD,"PMP, Lean Six Sigma, ITIL","Spanish, English, Hindi, Arabic",2020-12-30,3,Emilio +34 686 893805,True,,33,43513.08,46994.13
369,Diana,Schröder,F,1992-07-31,Steuer-ID,19 546 660 528,diana.schroder@globalcorp.com,+49 341 7062694,2022-08-24,,Active,Fixed-term,1.0,Compliance Officer,senior,Legal,405.0,6241.43,EUR,Monthly,0.0,P3,Berlin,Germany,Remote,11,1,20,20,Bachelor,"Salesforce, SQL, SAP, PMP, React","German, English",2025-01-18,1,Marina +49 211 8041036,False,,32,74897.16,80888.93
370,Eliana,Roberts,F,1997-01-03,SSN,455-13-8862,eliana.roberts@globalcorp.com,+1 (930) 254-3942,2015-02-24,2017-08-12,Terminated,Fixed-term,1.0,Finance Manager,manager,Finance,,25266.36,USD,Monthly,54079.53,P5,San Diego,USA,Hybrid,87,5,26,15,Bachelor,"Python, Tableau, Lean Six Sigma",English,2020-09-23,0,Connor +1 (431) 305-1486,False,2.46,28,357275.85,357275.85
371,Leonardo,Martini,M,1976-01-04,Codice Fiscale,MRTLNR76A04355Y,leonardo.martini@globalcorp.com,+39 337 6213338,1994-08-28,,Active,B2B,0.75,Operations Manager,manager,Operations,,153092.34,EUR,Annual,11879.39,P5,Rome,Italy,Hybrid,84,3,26,26,High School,"AWS, Negotiation","Italian, English",,2,Paolo +39 357 8761539,True,,49,164971.73,178169.47
372,Lisa,Schmidt,F,1985-01-16,Steuer-ID,29 786 915 232,lisa.schmidt@globalcorp.com,+49 301 8897161,2024-08-01,,Active,B2B,1.0,Graphic Designer,mid,Marketing,222.0,5361.33,EUR,Monthly,10159.74,P2,Berlin,Germany,On-site,11,3,20,5,Bachelor,"Power BI, Python","German, English, Hindi",,6,Bernd +49 231 7427707,True,,40,74495.7,80455.36
373,Katrin,Hoffmann,Other,1978-11-27,Steuer-ID,24 963 452 562,katrin.hoffmann@globalcorp.com,+49 95 7956957,2018-04-19,,Active,Permanent,1.0,CFO,manager,Finance,,11298.2,EUR,Monthly,16171.02,P5,Berlin,Germany,Hybrid,11,4,20,16,Bachelor,"Docker, PRINCE2, Excel, Scrum, Azure","German, English, Portuguese",2019-10-31,0,Jens +49 42 6131435,False,,46,151749.42,163889.37
374,Karin,Krause,F,1985-12-19,Steuer-ID,57 525 725 633,karin.krause@globalcorp.com,+49 172 1366599,2016-05-10,,Active,Permanent,1.0,Contract Specialist,mid,Legal,224.0,5205.25,EUR,Monthly,4058.1,P2,Cologne,Germany,Hybrid,26,3,20,5,High School,"Oracle, Java, Figma","German, Arabic, Spanish",,1,Birgit +49 163 2513367,True,,39,66521.1,71842.79
375,Hubert,Nowak,M,1985-08-27,PESEL,85082789937,hubert.nowak@globalcorp.com,+48 731 947 325,2023-06-11,,Active,Permanent,0.8,Tech Lead,lead,IT,29.0,15264.59,PLN,Monthly,0.0,P4,Gdansk,Poland,On-site,39,3,20,20,PhD,"Kubernetes, Salesforce","Polish, English, Arabic, Spanish",,2,Patrycja +48 730 506 635,True,,39,183175.08,45793.77
376,Emil,Borowski,M,1974-01-02,PESEL,74010263717,emil.borowski@globalcorp.com,+48 514 711 629,2011-09-26,,Active,Fixed-term,0.5,Social Media Manager,manager,Marketing,,22280.08,PLN,Monthly,37148.56,P5,Katowice,Poland,Hybrid,48,2,26,20,Master,"Salesforce, SAP, Kubernetes","Polish, English, French",2012-11-24,5,Amelia +48 667 740 610,True,,51,304509.52,76127.38
377,Luna,Adams,F,1986-09-07,SSN,833-60-7603,luna.adams@globalcorp.com,+1 (910) 659-7842,2015-07-09,,Active,Permanent,1.0,Sales Manager,manager,Sales,,28921.91,USD,Monthly,0.0,P5,New York,USA,Hybrid,72,4,20,13,Bachelor,"SQL, Salesforce","English, Portuguese",,2,Connor +1 (266) 879-7663,False,,38,347062.92,347062.92
378,Scarlett,Jones,F,2005-10-21,NINO,PJ 37 81 88 A,scarlett.jones@globalcorp.com,+44 7915 108812,2024-02-28,,Active,Permanent,1.0,Tech Lead,lead,IT,72.0,42.75,GBP,Hourly,0.0,P4,Glasgow,UK,Hybrid,41,3,20,1,Master,"Figma, Negotiation, React, PRINCE2","English, German",2025-04-12,4,Jamie +44 7402 297540,True,,19,86184.0,109453.68
379,Florian,Schmidt,M,1989-01-06,Steuer-ID,16 836 932 924,florian.schmidt@globalcorp.com,+49 170 8020098,2021-12-29,,Active,Permanent,1.0,Warehouse Worker,junior,Logistics,225.0,3237.26,EUR,Monthly,5333.43,P1,Düsseldorf,Germany,On-site,33,4,20,10,Bachelor,"Salesforce, Negotiation, Docker","German, English",2024-05-22,5,Christina +49 341 2523313,True,,36,44180.55,47714.99
380,Alessandro,Caruso,M,1972-09-22,Codice Fiscale,CRSLSS72P22497H,alessandro.caruso@globalcorp.com,+39 331 2855172,2017-04-28,,Active,Permanent,1.0,Supply Chain Analyst,mid,Logistics,226.0,4350.37,EUR,Monthly,1815.46,P2,Milan,Italy,On-site,65,4,20,3,Master,"Azure, Excel, Python, React","Italian, English",,3,Francesco +39 334 4988393,False,,52,54019.9,58341.49
381,Sarah,Robert,F,1975-09-03,INSEE,2 75 09 03 50 341 6,sarah.robert@globalcorp.com,+33 7 21 04 67 96,2003-01-29,2017-12-31,Terminated,Internship,1.0,Logistics Coordinator,mid,Logistics,225.0,35.0,EUR,Hourly,8931.54,P2,Paris,France,Hybrid,78,1,26,24,Bachelor,"Power BI, Java, Kubernetes","French, English",2018-08-11,3,Gabriel +33 6 09 83 85 02,False,14.92,49,79491.54,85850.86
382,Matthew,Clark,M,1984-09-23,SSN,611-69-2006,matthew.clark@globalcorp.com,+1 (804) 368-4063,2019-07-07,,Active,Fixed-term,1.0,Forklift Operator,junior,Logistics,380.0,6211.25,USD,Monthly,5093.89,P1,Los Angeles,USA,Remote,57,4,20,7,Master,"Figma, Excel, PRINCE2",English,2023-05-17,2,Benjamin +1 (765) 825-6553,True,,40,79628.89,79628.89
383,Daan,Kroon,M,1975-04-09,BSN,350.665.680,daan.kroon@globalcorp.com,+31 6 21585319,2016-09-12,,Active,Permanent,0.8,Warehouse Worker,junior,Logistics,380.0,3103.52,EUR,Monthly,6216.91,P1,Amsterdam,Netherlands,Remote,4,4,20,17,Bachelor,"Power BI, Scrum, AutoCAD, Project Management, Kubernetes","Dutch, English, Mandarin",2018-02-13,2,Bas +31 6 25220989,False,,50,43459.15,46935.88
384,Sara,Harris,F,1997-02-20,NINO,EJ 68 95 44 A,sara.harris@globalcorp.com,+44 7921 317138,2016-02-14,,Active,Fixed-term,1.0,Logistics Coordinator,mid,Logistics,226.0,5538.69,GBP,Monthly,9416.38,P2,Edinburgh,UK,Hybrid,34,5,20,19,Bachelor,"Docker, AutoCAD, Excel, Photoshop, Tableau","English, Korean",2021-10-14,1,Henry +44 7403 373919,False,,28,75880.66,96368.44
385,Marina,Koch,F,1971-03-10,Steuer-ID,45 278 391 972,marina.koch@globalcorp.com,+49 251 4212505,1995-01-05,2024-01-14,Terminated,Fixed-term,0.8,Sales Representative,mid,Sales,223.0,6210.17,EUR,Monthly,4823.15,P2,Hamburg,Germany,Hybrid,44,3,26,2,Master,"Accounting, PMP, Negotiation","German, English, Polish, Dutch",,4,Claudia +49 160 9985062,True,29.02,54,79345.19,85692.81
386,Siya,Desai,F,1989-09-02,Aadhaar,6371 2313 6651,siya.desai@globalcorp.com,+91 69213 19132,2018-04-11,,Active,Permanent,0.8,Contract Specialist,mid,Legal,278.0,80281.67,INR,Monthly,151529.16,P2,Hyderabad,India,Hybrid,46,3,20,15,Master,"SAP, AWS, React","Hindi, English",2023-08-27,2,Shivam +91 60958 79878,True,,35,1114909.2,13378.91
387,Vittoria,Ferrari,F,1969-08-02,Codice Fiscale,FRRVTT69M42281M,vittoria.ferrari@globalcorp.com,+39 321 1116062,2011-03-23,,Active,Permanent,0.8,Legal Assistant,junior,Legal,278.0,2453.24,EUR,Monthly,0.0,P1,Florence,Italy,Remote,37,4,26,8,Master,"Oracle, PRINCE2, Python, PMP, Kubernetes","Italian, English",2016-02-11,4,Marta +39 337 6351378,True,,55,29438.88,31793.99
388,Anvi,Bhat,F,1984-12-23,Aadhaar,9214 0382 7436,anvi.bhat@globalcorp.com,+91 82022 49377,2017-10-18,2025-06-20,Terminated,B2B,1.0,Recruiter,mid,HR,18.0,99134.09,INR,Monthly,0.0,P2,Bangalore,India,On-site,8,5,20,2,Bachelor,"Negotiation, Financial Analysis","Hindi, English",,5,Bhavya +91 91127 36107,False,7.67,40,1189609.08,14275.31
389,Gabriela,Mazur,F,1974-04-23,PESEL,74042363630,gabriela.mazur@globalcorp.com,+48 514 550 503,2004-09-10,,Active,Permanent,1.0,Financial Analyst,mid,Finance,471.0,9624.7,PLN,Monthly,9527.52,P2,Gdansk,Poland,Hybrid,39,5,26,7,Master,"PRINCE2, Excel","Polish, English",2006-09-19,2,Krzysztof +48 513 294 390,False,,51,125023.92,31255.98
390,Nicholas,Davis,M,1991-03-16,SSN,201-91-1684,nicholas.davis@globalcorp.com,+1 (605) 337-5185,2022-10-25,,Active,Permanent,1.0,Legal Director,manager,Legal,,27474.58,USD,Monthly,15324.97,P5,New York,USA,Hybrid,72,3,20,11,Master,"Financial Analysis, Azure, ITIL, Python, Tableau","English, German, Korean",,4,Noah +1 (916) 358-6436,True,,34,345019.93,345019.93
391,Julia,Gómez,F,1995-02-10,DNI,94935632G,julia.gomez@globalcorp.com,+34 607 951243,2018-08-18,,Active,Permanent,1.0,Brand Manager,manager,Marketing,,9884.47,EUR,Monthly,0.0,P5,Valencia,Spain,Hybrid,99,3,20,17,High School,"Kotlin, Java","Spanish, English",2021-02-04,2,Joaquín +34 634 366426,False,,30,118613.64,128102.73
392,Damian,Malinowski,M,1988-07-14,PESEL,88071456768,damian.malinowski@globalcorp.com,+48 692 131 554,2010-06-10,,Active,B2B,1.0,Process Engineer,mid,Operations,308.0,64.14,PLN,Hourly,0.0,P2,Warsaw,Poland,On-site,102,2,26,18,High School,"Tableau, PRINCE2, Kubernetes, Python, Financial Analysis","Polish, English",,2,Michal +48 692 630 221,False,,36,129306.24,32326.56
393,Charlotte,Dubois,F,1995-08-28,INSEE,2 95 08 28 25 789 4,charlotte.dubois@globalcorp.com,+33 7 72 81 21 97,2015-01-07,,Active,Internship,1.0,Data Analyst,mid,IT,378.0,5369.7,EUR,Monthly,7850.57,P2,Paris,France,On-site,78,4,26,6,Bachelor,"Oracle, Python, Accounting","French, English",2024-03-22,0,Emmanuel +33 6 83 54 30 49,True,,29,72286.97,78069.93
394,María,Ramírez,F,1961-10-03,DNI,61906467N,maria.ramirez@globalcorp.com,+34 635 701122,2019-11-24,,Active,B2B,1.0,Logistics Manager,manager,Logistics,,10785.81,EUR,Monthly,11178.7,P5,Barcelona,Spain,Hybrid,9,4,20,6,Bachelor,"AWS, Financial Analysis","Spanish, English, Dutch",2024-07-10,1,Silvia +34 619 579817,False,,63,140608.42,151857.09
395,Artur,Stepien,M,1986-01-06,PESEL,86010671764,artur.stepien@globalcorp.com,+48 604 163 860,2019-03-16,,Active,Permanent,1.0,Copywriter,mid,Marketing,132.0,7080.57,PLN,Monthly,0.0,P2,Lodz,Poland,Hybrid,55,4,20,6,Bachelor,"Excel, Azure, React, AutoCAD, ITIL","Polish, English, Arabic",2020-05-12,2,Krzysztof +48 732 598 927,False,,39,84966.84,21241.71
396,Liam,Green,M,1989-02-09,NINO,WS 84 22 65 A,liam.green@globalcorp.com,+44 7921 131976,2015-08-05,,Active,Permanent,0.5,Social Media Manager,manager,Marketing,,10552.96,GBP,Monthly,23846.35,P5,Liverpool,UK,Hybrid,54,3,20,15,High School,"Photoshop, SQL, Kotlin, AWS, Accounting","English, Russian",2018-01-26,5,Nora +44 7455 511127,False,,36,150481.87,191111.97
397,Cato,Postma,F,1991-02-22,BSN,447.491.003,cato.postma@globalcorp.com,+31 6 16035583,2012-07-25,,Active,Fixed-term,0.8,Bookkeeper,junior,Finance,449.0,4169.22,EUR,Monthly,2616.36,P1,Groningen,Netherlands,On-site,43,5,26,14,Master,"Docker, Kotlin, Oracle, SAP, Financial Analysis","Dutch, English, Russian",2023-01-27,3,Charlotte +31 6 28484314,False,,34,52647.0,56858.76
398,Lena,Schmitt,F,1966-08-29,Steuer-ID,10 298 092 434,lena.schmitt@globalcorp.com,+49 157 7494593,1988-08-06,,Active,B2B,1.0,Compliance Officer,senior,Legal,330.0,8453.63,EUR,Monthly,6363.22,P3,Berlin,Germany,Remote,11,2,26,0,Master,"Financial Analysis, Accounting, Oracle, Kubernetes, Python","German, English, Polish",2015-12-17,2,Birgit +49 173 5346482,True,,58,107806.78,116431.32
399,Harper,Hill,F,1989-12-03,NINO,TS 56 71 31 C,harper.hill@globalcorp.com,+44 7921 351979,2010-08-09,,Active,Contractor,0.5,Key Account Manager,manager,Sales,,13493.01,GBP,Monthly,0.0,P5,Belfast,UK,Hybrid,10,3,26,2,Master,"Kubernetes, Java, Azure, PRINCE2, Excel",English,,3,Maya +44 7703 739194,False,,35,161916.12,205633.47
400,Mark,Garcia,M,1991-09-03,NINO,LR 52 19 21 B,mark.garcia@globalcorp.com,+44 7454 877141,2011-05-06,,Active,B2B,1.0,Supply Chain Analyst,mid,Logistics,226.0,5560.27,GBP,Monthly,0.0,P2,London,UK,Remote,56,3,26,2,Master,"Project Management, Financial Analysis, Salesforce, Accounting",English,,5,Sophia +44 7700 996354,True,,33,66723.24,84738.51
401,Susanne,Hartmann,F,1986-05-31,Steuer-ID,92 948 605 425,susanne.hartmann@globalcorp.com,+49 211 3162560,2015-07-28,,Active,Permanent,1.0,Operations Analyst,mid,Operations,108.0,5669.63,EUR,Monthly,0.0,P2,Leipzig,Germany,On-site,52,3,20,20,Bachelor,"Salesforce, Java, Excel","German, English",2022-11-20,5,Sebastian +49 331 7956971,False,,39,68035.56,73478.4
402,Claire,Clark,F,1972-02-06,SSN,093-70-8218,claire.clark@globalcorp.com,+1 (267) 871-9332,1997-02-06,,Active,B2B,0.8,Sales Director,manager,Sales,,33364.02,USD,Monthly,0.0,P5,Austin,USA,Remote,7,4,26,13,PhD,"PMP, Tableau, Kotlin, Excel, Power BI",English,2014-07-07,4,Brandon +1 (760) 652-6897,False,,53,400368.24,400368.24
403,Gwen,van Leeuwen,F,1979-06-15,BSN,176.583.567,gwen.vanleeuwen@globalcorp.com,+31 6 18226534,2001-01-14,,Active,Contractor,1.0,Graphic Designer,mid,Marketing,420.0,5343.24,EUR,Monthly,4318.36,P2,Utrecht,Netherlands,Remote,98,3,26,13,Master,"Photoshop, Power BI, Figma, Jira, PMP","Dutch, English, Hindi, Spanish",,1,Roos +31 6 39331231,False,,46,68437.24,73912.22
404,Zbigniew,Wilk,M,1997-02-11,PESEL,97021139969,zbigniew.wilk@globalcorp.com,+48 518 224 442,2018-01-18,,Active,Fixed-term,1.0,Recruiter,mid,HR,422.0,9773.41,PLN,Monthly,17220.15,P2,Wroclaw,Poland,Remote,103,2,20,15,Master,"Power BI, Python, Project Management","Polish, English",2021-03-03,0,Barbara +48 601 686 270,False,,28,134501.07,33625.27
405,Arjun,Bhat,M,1996-04-05,Aadhaar,4583 6979 5296,arjun.bhat@globalcorp.com,+91 78615 86214,2022-02-12,,Active,Fixed-term,1.0,Legal Director,manager,Legal,,255556.81,INR,Monthly,444932.17,P5,Pune,India,Remote,82,2,20,3,Bachelor,"Kotlin, Tableau, Project Management, Jira, Java","Hindi, English, Portuguese",2024-08-27,1,Shreya +91 64804 53633,False,,29,3511613.89,42139.37
406,Isaac,Wright,M,1989-02-20,SSN,218-32-2623,isaac.wright@globalcorp.com,+1 (577) 481-1983,2016-04-01,,Active,Permanent,1.0,Compliance Officer,senior,Legal,405.0,14420.43,USD,Monthly,6781.62,P3,Dallas,USA,Hybrid,28,3,20,0,Master,"React, Project Management, AWS",English,,2,Joseph +1 (698) 905-2598,True,,36,179826.78,179826.78
407,Peter,Klein,M,1991-10-12,Steuer-ID,80 750 677 531,peter.klein@globalcorp.com,+49 162 5760869,2012-03-12,2019-09-02,Terminated,Fixed-term,1.0,Supply Chain Analyst,mid,Logistics,226.0,6726.59,EUR,Monthly,6439.3,P2,Berlin,Germany,Hybrid,11,4,26,7,Master,"Java, Negotiation, SAP","German, English",,0,Philipp +49 175 3196159,True,7.47,33,87158.38,94131.05
408,Iris,Bos,F,1994-08-03,BSN,830.315.196,iris.bos@globalcorp.com,+31 6 56381425,2022-04-02,,Probation,Permanent,1.0,Dispatcher,junior,Logistics,286.0,36453.56,EUR,Annual,6103.88,P1,Tilburg,Netherlands,Hybrid,94,3,20,4,Master,"Project Management, Oracle, Figma","Dutch, English, Hindi, Mandarin",,2,Sara +31 6 49500006,True,,30,42557.44,45962.04
409,Sara,Grabowski,F,1989-09-03,PESEL,89090332891,sara.grabowski@globalcorp.com,+48 663 937 720,2016-05-25,,On Leave,Permanent,1.0,Controller,senior,Finance,474.0,77.12,PLN,Hourly,22295.76,P3,Warsaw,Poland,Hybrid,102,3,20,16,Master,"Docker, Excel, Lean Six Sigma, Kubernetes, Figma","Polish, English, Spanish",2020-01-30,2,Ewa +48 695 743 687,False,,35,177769.68,44442.42
410,Ishita,Mehta,F,1997-12-09,Aadhaar,7413 5727 2241,ishita.mehta@globalcorp.com,+91 85756 67826,2017-09-20,,Active,B2B,1.0,Legal Assistant,junior,Legal,40.0,37711.27,INR,Monthly,84939.44,P1,Hyderabad,India,Remote,46,2,20,17,PhD,"Project Management, Java, AutoCAD, ITIL, Figma",Hindi,,4,Priya +91 71400 00759,True,,27,537474.68,6449.7
411,David,Ruiz,M,1996-01-03,DNI,43273676G,david.ruiz@globalcorp.com,+34 602 579231,2021-12-12,,Active,Contractor,1.0,Bookkeeper,junior,Finance,203.0,2411.18,EUR,Monthly,2966.08,P1,Zaragoza,Spain,Hybrid,104,4,20,13,PhD,"Docker, SAP, Scrum","Spanish, English",2024-06-12,0,Jorge +34 623 541105,True,,29,31900.24,34452.26
412,Bruno,González,M,2005-09-26,DNI,28228360T,bruno.gonzalez@globalcorp.com,+34 683 680666,2025-06-25,,Active,Contractor,1.0,Legal Counsel,mid,Legal,53.0,3096.29,EUR,Monthly,6811.35,P2,Palma,Spain,Hybrid,77,3,20,19,Master,"Photoshop, Financial Analysis, Lean Six Sigma, Tableau, React","Spanish, English, Arabic",,5,Laura +34 685 756265,True,,19,43966.83,47484.18
413,Patryk,Wojcik,M,1979-04-01,PESEL,79040165383,patryk.wojcik@globalcorp.com,+48 604 645 421,2012-07-04,,Active,Permanent,0.75,Legal Assistant,junior,Legal,77.0,4681.19,PLN,Monthly,2390.91,P1,Wroclaw,Poland,Remote,103,3,26,12,MBA,"Accounting, Oracle","Polish, English",,1,Agnieszka +48 791 263 523,True,,46,58565.19,14641.3
414,Layla,Lee,Other,1980-07-27,SSN,638-58-8490,layla.lee@globalcorp.com,+1 (546) 382-6622,2002-12-01,,Active,Permanent,0.8,DevOps Engineer,mid,IT,431.0,135312.24,USD,Annual,0.0,P2,Los Angeles,USA,Hybrid,57,3,26,6,PhD,"Scrum, Kubernetes","English, Korean",2009-12-09,4,Jacob +1 (332) 516-7886,True,,44,135312.24,135312.24
415,Sandra,Kwiatkowski,Other,1957-06-17,PESEL,57061736836,sandra.kwiatkowski@globalcorp.com,+48 600 498 944,1990-12-12,,Active,Permanent,1.0,Bookkeeper,junior,Finance,144.0,5082.16,PLN,Monthly,2778.18,P1,Wroclaw,Poland,On-site,103,3,26,8,High School,"AWS, Project Management, Kubernetes, Power BI, Accounting","Polish, Portuguese",1992-08-27,3,Marek +48 728 649 735,False,,68,63764.1,15941.02
416,Andrzej,Nowak,M,1988-04-24,PESEL,88042416366,andrzej.nowak@globalcorp.com,+48 722 472 971,2017-10-22,,Active,B2B,0.8,Content Manager,manager,Marketing,,25854.51,PLN,Monthly,37032.91,P5,Krakow,Poland,Hybrid,49,3,20,2,Master,"Python, Tableau, Salesforce, React","Polish, Arabic",,4,Jacek +48 730 283 433,False,,37,347287.03,86821.76
417,Hanna,Lewandowski,F,2004-01-16,PESEL,04211675071,hanna.lewandowski@globalcorp.com,+48 512 962 416,2025-06-29,,Active,Fixed-term,1.0,Financial Analyst,mid,Finance,34.0,7582.23,PLN,Monthly,15668.49,P2,Poznan,Poland,Remote,81,2,20,18,Bachelor,"Photoshop, Jira, React, Salesforce","Polish, English, German, French",,5,Lena +48 696 369 337,True,,21,106655.25,26663.81
418,Sofia,Russo,F,1997-05-05,Codice Fiscale,RSSSFO97E45773E,sofia.russo@globalcorp.com,+39 381 9527673,2024-10-09,,Active,Internship,1.0,Key Account Manager,manager,Sales,,6759.33,EUR,Monthly,10486.57,P5,Turin,Italy,Remote,97,4,20,12,Bachelor,"PMP, Kotlin, Oracle, SQL","Italian, English, Russian",,1,Salvatore +39 349 1535325,False,,28,91598.53,98926.41
419,Gabriela,Jaworski,F,1993-12-02,PESEL,93120221466,gabriela.jaworski@globalcorp.com,+48 692 648 773,2024-08-02,,Active,Permanent,1.0,Warehouse Worker,junior,Logistics,71.0,3758.53,PLN,Monthly,0.0,P1,Katowice,Poland,On-site,48,3,20,16,Bachelor,"Jira, Salesforce, Photoshop, Financial Analysis, AWS","Polish, English",,3,Jacek +48 518 238 417,True,,31,45102.36,11275.59
420,Noah,Rodriguez,M,1998-02-25,SSN,687-21-4765,noah.rodriguez@globalcorp.com,+1 (391) 342-4092,2023-12-06,,Active,Fixed-term,1.0,Social Media Manager,manager,Marketing,,28555.82,USD,Monthly,17111.21,P5,Los Angeles,USA,Hybrid,57,3,20,5,Master,"Tableau, Lean Six Sigma, Kotlin, ITIL, Financial Analysis",English,2025-02-13,4,Andrew +1 (741) 736-2983,True,,27,359781.05,359781.05
421,Helena,Álvarez,F,1989-12-22,DNI,94756667W,helena.alvarez@globalcorp.com,+34 633 768587,2018-01-16,,On Leave,B2B,0.8,Key Account Manager,manager,Sales,,10025.62,EUR,Monthly,19673.46,P5,Madrid,Spain,Hybrid,60,5,20,15,High School,"SQL, Oracle, Financial Analysis, Photoshop, Java","Spanish, English",2020-10-27,0,Noa +34 640 382977,True,,35,139980.9,151179.37
422,Mateusz,Borowski,M,1982-10-13,PESEL,82101391328,mateusz.borowski@globalcorp.com,+48 604 607 103,2016-10-16,,Active,Permanent,0.5,HR Manager,manager,HR,,19258.06,PLN,Monthly,38986.73,P5,Wroclaw,Poland,Hybrid,103,3,20,6,Bachelor,"Photoshop, Project Management, ITIL, Tableau, Negotiation","Polish, English",2024-02-17,4,Hubert +48 663 963 103,False,,42,270083.45,67520.86
423,Stanislaw,Jaworski,M,2005-05-17,PESEL,05251793561,stanislaw.jaworski@globalcorp.com,+48 513 969 864,2024-12-05,,Active,Internship,1.0,Accountant,senior,Finance,474.0,13921.22,PLN,Monthly,25674.9,P3,Warsaw,Poland,Hybrid,102,3,20,9,High School,"Scrum, Lean Six Sigma, ITIL, Financial Analysis","Polish, English",,1,Adrian +48 662 926 352,True,,20,192729.54,48182.39
424,Adrian,Wozniak,M,1989-06-10,PESEL,89061063537,adrian.wozniak@globalcorp.com,+48 730 395 561,2020-05-10,,Active,Fixed-term,1.0,Dispatcher,junior,Logistics,257.0,4981.35,PLN,Monthly,6351.97,P1,Warsaw,Poland,Remote,102,3,20,13,Master,"Figma, Photoshop, PMP","Polish, English, Spanish",2022-09-03,3,Kinga +48 691 279 916,True,,36,66128.17,16532.04
425,Julia,Bernard,F,1996-10-08,INSEE,2 96 10 08 40 685 4,julia.bernard@globalcorp.com,+33 7 27 64 43 89,2021-08-14,,Active,Permanent,1.0,Marketing Director,manager,Marketing,,9224.74,EUR,Monthly,0.0,P5,Marseille,France,Hybrid,63,3,20,20,PhD,"Project Management, Salesforce, AWS, Azure, PRINCE2","French, English, Korean",2024-05-29,6,Enzo +33 7 66 87 61 33,True,,28,110696.88,119552.63
426,Fleur,van Dijk,F,1961-01-05,BSN,254.389.041,fleur.vandijk@globalcorp.com,+31 6 57942570,1985-04-01,,Active,Permanent,1.0,Recruiter,mid,HR,422.0,6095.96,EUR,Monthly,4343.52,P2,The Hague,Netherlands,Hybrid,93,1,26,15,MBA,"PMP, Tableau","Dutch, English",1994-06-14,5,Ruben +31 6 11855586,True,,64,77495.04,83694.64
427,Weronika,Wisniewski,F,1962-03-19,PESEL,62031949066,weronika.wisniewski@globalcorp.com,+48 608 802 319,2020-01-19,,Active,Contractor,1.0,Inside Sales Specialist,junior,Sales,82.0,4988.67,PLN,Monthly,8840.65,P1,Krakow,Poland,Hybrid,49,4,20,14,Master,"Project Management, Scrum, Power BI",Polish,2023-02-08,2,Stanislaw +48 721 897 945,True,,63,68704.69,17176.17
428,Erik,Bakker,M,1986-06-21,BSN,996.511.064,erik.bakker@globalcorp.com,+31 6 53406442,2004-09-03,,On Leave,Fixed-term,0.5,Inside Sales Specialist,junior,Sales,318.0,3646.4,EUR,Monthly,0.0,P1,Utrecht,Netherlands,Hybrid,98,3,26,16,Bachelor,"Kotlin, Tableau, PMP, Figma, Jira","Dutch, English, Italian",2012-07-24,2,Wouter +31 6 55105376,True,,39,43756.8,47257.34
429,Bartosz,Witkowski,M,1975-02-07,PESEL,75020727316,bartosz.witkowski@globalcorp.com,+48 662 183 173,2006-11-25,,Active,B2B,0.8,Key Account Manager,manager,Sales,,34492.16,PLN,Monthly,16325.36,P5,Lublin,Poland,Hybrid,58,4,26,11,Master,"Excel, Scrum, Jira, AutoCAD, SAP","Polish, English, French",2008-01-07,1,Wojciech +48 601 664 378,False,,50,430231.28,107557.82
430,Jasper,Kroon,M,1987-07-01,BSN,455.697.000,jasper.kroon@globalcorp.com,+31 6 25951814,2014-03-07,,Active,B2B,0.5,Payroll Specialist,mid,HR,439.0,4986.43,EUR,Monthly,0.0,P2,Utrecht,Netherlands,On-site,98,5,26,25,High School,"React, Lean Six Sigma","Dutch, English",,1,Xander +31 6 55917460,True,,37,59837.16,64624.13
431,Charlotte,Clark,F,1980-04-23,SSN,356-35-9335,charlotte.clark@globalcorp.com,+1 (213) 876-2029,2025-05-21,,Active,Permanent,1.0,Scrum Master,lead,IT,259.0,14454.37,USD,Monthly,0.0,P4,Chicago,USA,On-site,25,1,20,20,MBA,"AutoCAD, Figma, React, Photoshop",English,,1,Justin +1 (735) 784-6459,True,,45,173452.44,173452.44
432,Ludovica,Lombardi,F,2005-04-02,Codice Fiscale,LMBLDV05D42429K,ludovica.lombardi@globalcorp.com,+39 393 3445261,2023-06-14,,On Leave,B2B,1.0,Backend Developer,mid,IT,194.0,3151.16,EUR,Monthly,0.0,P2,Rome,Italy,Remote,84,4,20,6,Master,"Accounting, SAP, Docker, Financial Analysis, Jira",Italian,2024-09-01,8,Antonio +39 335 2154825,True,,20,37813.92,40839.03
433,Paula,Sánchez,F,1995-02-03,DNI,08297881X,paula.sanchez@globalcorp.com,+34 626 243876,2018-12-29,,Active,Contractor,1.0,Forklift Operator,junior,Logistics,173.0,2727.9,EUR,Monthly,5193.65,P1,Madrid,Spain,On-site,60,2,20,18,Master,"PMP, Salesforce","Spanish, English, Russian, Portuguese",,2,Sofía +34 622 526885,True,,30,37928.45,40962.73
434,Lucas,Kok,M,1999-05-24,BSN,165.047.331,lucas.kok@globalcorp.com,+31 6 47589431,2020-04-16,,On Leave,Permanent,0.5,Legal Director,manager,Legal,,12893.08,EUR,Monthly,17557.89,P5,Utrecht,Netherlands,Hybrid,98,3,20,9,High School,"Accounting, Jira","Dutch, English",,3,Maud +31 6 52973624,False,,26,172274.85,186056.84
435,Sebastian,Kwiatkowski,M,1964-07-01,PESEL,64070128390,sebastian.kwiatkowski@globalcorp.com,+48 515 194 647,1986-09-12,,Active,B2B,1.0,HR Manager,manager,HR,,34889.07,PLN,Monthly,51034.61,P5,Gdansk,Poland,Remote,39,4,26,19,High School,"React, Docker, Azure","Polish, English, French",,2,Nina +48 721 651 250,True,,60,469703.45,117425.86
436,Marta,Zajac,F,1993-03-31,PESEL,93033165811,marta.zajac2@globalcorp.com,+48 730 198 298,2014-06-05,,Active,Permanent,1.0,CFO,manager,Finance,,136.33,PLN,Hourly,9693.63,P5,Warsaw,Poland,On-site,102,2,26,13,Master,"SAP, Project Management, Power BI, Azure","Polish, English",,5,Joanna +48 693 501 627,True,,32,284534.91,71133.73
437,Marek,Borowski,M,1983-05-06,PESEL,83050653312,marek.borowski@globalcorp.com,+48 668 197 373,2011-07-16,2012-02-26,Terminated,Permanent,1.0,Dispatcher,junior,Logistics,173.0,6488.79,PLN,Monthly,10857.57,P1,Warsaw,Poland,Hybrid,102,5,26,20,Bachelor,"Negotiation, Accounting, Java, SAP","Polish, English",,3,Igor +48 693 237 357,False,0.62,42,88723.05,22180.76
438,Eleanor,Anderson,F,2000-05-18,NINO,LC 65 64 22 A,eleanor.anderson@globalcorp.com,+44 7400 549241,2024-11-24,,Active,Permanent,0.8,Financial Analyst,mid,Finance,344.0,4166.02,GBP,Monthly,0.0,P2,Manchester,UK,Hybrid,62,3,20,18,Master,"Negotiation, Accounting, Kubernetes","English, Portuguese",,5,William +44 7405 922313,False,,25,49992.24,63490.14
439,Davide,Esposito,M,1991-03-25,Codice Fiscale,SPSDVD91C25486R,davide.esposito@globalcorp.com,+39 370 4707811,2015-07-18,,Active,Contractor,0.8,HR Business Partner,senior,HR,275.0,5231.44,EUR,Monthly,5147.28,P3,Milan,Italy,Hybrid,65,3,20,8,Master,"PRINCE2, Java, Scrum, AutoCAD, ITIL","Italian, English",2017-07-16,3,Nicole +39 350 6124994,True,,34,67924.56,73358.52
440,Jimena,Sánchez,F,1984-06-27,DNI,46028993J,jimena.sanchez@globalcorp.com,+34 616 481923,2022-09-25,,Probation,Permanent,1.0,Legal Assistant,junior,Legal,40.0,1929.38,EUR,Monthly,4002.02,P1,Cordoba,Spain,Hybrid,27,1,20,14,Bachelor,"Negotiation, Excel","Spanish, English",2023-12-24,2,Jorge +34 613 964934,True,,41,27154.58,29326.95
441,Ella,Lee,F,1973-03-08,SSN,124-20-1319,ella.lee@globalcorp.com,+1 (607) 332-2004,2016-05-11,,Active,Permanent,1.0,Business Development Manager,manager,Sales,,30760.79,USD,Monthly,53201.5,P5,Los Angeles,USA,Hybrid,57,3,20,10,Bachelor,"ITIL, PRINCE2, Scrum",English,2025-05-03,3,Oliver +1 (961) 253-1960,False,,52,422330.98,422330.98
442,Maciej,Borowski,M,1986-09-09,PESEL,86090995985,maciej.borowski@globalcorp.com,+48 519 985 749,2021-09-23,,Active,Fixed-term,0.8,Payroll Specialist,mid,HR,69.0,6821.72,PLN,Monthly,3171.62,P2,Warsaw,Poland,Hybrid,102,3,20,16,Master,"Java, AutoCAD",Polish,,6,Wojciech +48 723 481 855,False,,38,85032.26,21258.06
443,Sara,Gallo,F,1997-07-29,Codice Fiscale,GLLSRA97L69828F,sara.gallo@globalcorp.com,+39 327 3712260,2024-01-16,2025-05-09,Terminated,Permanent,1.0,CFO,manager,Finance,,9289.44,EUR,Monthly,16968.22,P5,Naples,Italy,On-site,71,3,20,4,Bachelor,"Python, Tableau, Photoshop",Italian,2025-05-22,4,Federico +39 383 4999350,False,1.31,27,128441.5,138716.82
444,Iga,Walczak,F,2000-11-30,PESEL,00313075638,iga.walczak@globalcorp.com,+48 662 262 865,2023-08-11,,On Leave,B2B,1.0,Frontend Developer,mid,IT,112.0,7701.02,PLN,Monthly,10326.47,P2,Warsaw,Poland,On-site,102,3,20,15,Master,"Jira, PRINCE2, Java, Azure, AWS","Polish, English, French",2024-12-27,5,Krzysztof +48 694 799 934,True,,24,102738.71,25684.68
445,Birgit,Schröder,F,1981-03-17,Steuer-ID,48 858 348 374,birgit.schroder@globalcorp.com,+49 96 3203982,2018-06-27,,Probation,Contractor,1.0,QA Engineer,mid,IT,51.0,25.84,EUR,Hourly,5765.55,P2,Berlin,Germany,Hybrid,11,1,20,12,Master,"PMP, SAP, Photoshop, Project Management, ITIL","German, English",2020-02-25,5,David +49 40 3830603,False,,44,57858.99,62487.71
446,Erica,Colombo,F,2005-05-04,Codice Fiscale,CLMRCE05E44367U,erica.colombo@globalcorp.com,+39 321 3402745,2023-09-02,2025-05-29,Terminated,Permanent,1.0,Inside Sales Specialist,junior,Sales,240.0,2793.92,EUR,Monthly,0.0,P1,Naples,Italy,Hybrid,71,5,20,9,Master,"SAP, ITIL, AutoCAD","Italian, English",2025-03-22,2,Vittorio +39 350 7930459,True,1.74,20,33527.04,36209.2
447,Nikhil,Joshi,M,1996-12-17,Aadhaar,2643 7009 6505,nikhil.joshi@globalcorp.com,+91 88322 00460,2022-07-07,,Active,Permanent,1.0,Operations Supervisor,lead,Operations,108.0,245233.37,INR,Monthly,0.0,P4,Delhi,India,Remote,29,3,20,7,Master,"AutoCAD, Oracle","Hindi, English, Dutch",2024-09-21,2,Rahul +91 74680 50668,True,,28,2942800.44,35313.61
448,Camille,Fournier,M,1976-11-28,INSEE,1 76 11 28 42 639 7,camille.fournier@globalcorp.com,+33 6 99 65 53 23,1996-05-21,,On Leave,Internship,0.5,Treasury Specialist,mid,Finance,103.0,5368.62,EUR,Monthly,0.0,P2,Paris,France,On-site,78,3,26,18,Bachelor,"PMP, Figma, Tableau, Docker","French, English",,2,Fabien +33 7 66 65 08 31,False,,48,64423.44,69577.32
449,Cezary,Kucharski,M,1973-02-06,PESEL,73020613752,cezary.kucharski@globalcorp.com,+48 697 695 708,2016-06-17,,Active,Permanent,1.0,Accountant,senior,Finance,34.0,15445.95,PLN,Monthly,9061.27,P3,Poznan,Poland,Hybrid,81,4,20,7,Master,"Lean Six Sigma, SQL","Polish, English, Japanese",2023-02-15,4,Dorota +48 733 741 321,False,,52,194412.67,48603.17
450,Camille,Michel,F,1983-11-03,INSEE,2 83 11 03 55 360 1,camille.michel@globalcorp.com,+33 7 06 86 52 74,2017-04-22,,Active,Permanent,1.0,Payroll Specialist,mid,HR,275.0,4788.82,EUR,Monthly,5474.33,P2,Toulouse,France,Hybrid,96,4,20,0,Master,"Lean Six Sigma, AWS","French, English",2023-12-27,1,Lola +33 7 35 81 34 01,True,,41,62940.17,67975.38
451,Rafal,Wozniak,M,1981-12-23,PESEL,81122314994,rafal.wozniak@globalcorp.com,+48 604 540 209,2019-04-17,,Active,Internship,1.0,Business Development Manager,manager,Sales,,28028.96,PLN,Monthly,31279.94,P5,Warsaw,Poland,Hybrid,102,4,20,19,Master,"Photoshop, Accounting, Lean Six Sigma","Polish, English, Italian",2021-10-28,5,Dorota +48 604 317 366,True,,43,367627.46,91906.87
452,Luna,Wright,F,1990-01-22,SSN,638-62-7671,luna.wright@globalcorp.com,+1 (940) 761-3938,2019-04-04,2021-01-18,Terminated,Contractor,1.0,HR Manager,manager,HR,,20783.46,USD,Monthly,51272.28,P5,Denver,USA,Hybrid,30,5,20,9,Master,"Figma, Oracle, Financial Analysis, Negotiation, SQL",English,2023-12-07,3,Christopher +1 (708) 406-6864,False,1.79,35,300673.8,300673.8
453,Valentina,Colombo,F,1985-04-23,Codice Fiscale,CLMVLN85D63703H,valentina.colombo@globalcorp.com,+39 380 1487559,2011-06-27,,Active,Fixed-term,1.0,Training Coordinator,mid,HR,69.0,4142.22,EUR,Monthly,0.0,P2,Milan,Italy,On-site,65,2,26,4,PhD,"Java, Jira, AWS, SAP","Italian, English, Arabic",,4,Ludovica +39 351 9226010,True,,40,49706.64,53683.17
454,Nina,Borowski,F,1982-11-22,PESEL,82112222048,nina.borowski@globalcorp.com,+48 661 685 121,2009-12-24,2016-03-28,Terminated,Fixed-term,1.0,Supply Chain Analyst,mid,Logistics,276.0,104120.33,PLN,Annual,6023.03,P2,Bialystok,Poland,Hybrid,12,3,26,6,Bachelor,"Photoshop, Figma, Project Management, PRINCE2, Docker","Polish, English",2018-02-07,5,Hubert +48 790 389 372,True,6.26,42,110143.36,27535.84
455,Piotr,Zielinski,M,1969-06-10,PESEL,69061089920,piotr.zielinski@globalcorp.com,+48 697 835 634,2010-02-15,,Active,Contractor,1.0,HR Specialist,mid,HR,499.0,55.01,PLN,Hourly,12444.78,P2,Szczecin,Poland,Hybrid,92,4,26,22,Bachelor,"Oracle, Tableau, AutoCAD, SAP, ITIL","Polish, English, Japanese",2018-07-21,4,Zofia +48 664 771 821,True,,56,123344.94,30836.24
456,Rafal,Kowalczyk,M,1991-03-30,PESEL,91033097507,rafal.kowalczyk@globalcorp.com,+48 600 773 404,2016-12-02,,Active,Fixed-term,1.0,Sales Representative,mid,Sales,475.0,8290.29,PLN,Monthly,0.0,P2,Wroclaw,Poland,Remote,103,1,20,6,Master,"Oracle, PMP, AWS","Polish, English, Hindi",2019-06-30,0,Stanislaw +48 606 541 446,True,,34,99483.48,24870.87
457,Mohan,Chopra,M,1968-03-21,Aadhaar,3361 2628 8353,mohan.chopra@globalcorp.com,+91 86000 02099,1999-08-05,,Active,Fixed-term,0.8,Legal Director,manager,Legal,,319483.98,INR,Monthly,0.0,P5,Delhi,India,On-site,29,4,26,7,Bachelor,"Power BI, Java, Python, Salesforce, Financial Analysis",Hindi,2003-05-19,4,Rohan +91 69576 33902,False,,57,3833807.76,46005.69
458,Liam,Thompson,M,1996-09-23,NINO,JR 21 29 23 C,liam.thompson@globalcorp.com,+44 7450 380244,2019-12-29,,Active,B2B,1.0,Legal Director,manager,Legal,,13216.34,GBP,Monthly,20014.46,P5,Bristol,UK,Hybrid,20,1,20,10,Master,"Figma, Kubernetes",English,2021-05-21,5,Isla +44 7801 654936,True,,28,178610.54,226835.39
459,Bas,Hendriks,M,1965-06-05,BSN,495.545.004,bas.hendriks@globalcorp.com,+31 6 46945928,2005-12-31,,Active,Fixed-term,1.0,SEO Specialist,mid,Marketing,376.0,56546.68,EUR,Annual,2087.04,P2,Rotterdam,Netherlands,Hybrid,85,5,26,0,Bachelor,"Financial Analysis, ITIL, Azure, AutoCAD","Dutch, English",,2,Bram +31 6 26394750,True,,60,58633.72,63324.42
460,Sergio,Díaz,M,1968-09-17,DNI,55427604L,sergio.diaz@globalcorp.com,+34 639 990310,1996-01-06,,Active,Permanent,1.0,Controller,senior,Finance,373.0,4958.33,EUR,Monthly,0.0,P3,Madrid,Spain,Hybrid,60,4,26,15,Bachelor,"Project Management, Docker, AWS, Kotlin","Spanish, English, French, Japanese",2000-12-25,4,Juan +34 632 961401,False,,56,59499.96,64259.96
461,Edouard,Lopez,M,1976-11-18,INSEE,1 76 11 18 68 804 2,edouard.lopez@globalcorp.com,+33 7 65 52 59 31,2014-06-02,,Active,Permanent,1.0,Supply Chain Analyst,mid,Logistics,394.0,4837.52,EUR,Monthly,6443.21,P2,Nice,France,On-site,74,3,26,1,High School,"Excel, Negotiation, SAP, Oracle, ITIL","French, English, German",,3,Clémence +33 7 15 96 79 93,True,,48,64493.45,69652.93
462,Anna,Adamczyk,F,1980-06-13,PESEL,80061335897,anna.adamczyk@globalcorp.com,+48 692 805 961,2006-12-11,,Active,Permanent,1.0,Bookkeeper,junior,Finance,357.0,6162.98,PLN,Monthly,0.0,P1,Wroclaw,Poland,Hybrid,103,3,26,22,Master,"Salesforce, React, AWS","Polish, English, Korean",2019-08-27,0,Lukasz +48 605 792 438,True,,45,73955.76,18488.94
463,Evelyn,White,F,1978-10-19,SSN,586-44-6271,evelyn.white@globalcorp.com,+1 (633) 829-3253,2004-06-25,,Active,Permanent,0.5,Sales Manager,manager,Sales,,24669.04,USD,Monthly,0.0,P5,Denver,USA,Hybrid,30,5,26,11,Master,"Scrum, PMP","English, Korean",2010-03-30,1,Isabella +1 (839) 732-2088,True,,46,296028.48,296028.48
464,Susanne,Bauer,F,1980-08-23,Steuer-ID,82 140 896 906,susanne.bauer@globalcorp.com,+49 241 4771376,2009-11-16,,Active,Permanent,1.0,HR Specialist,mid,HR,154.0,6118.36,EUR,Monthly,6236.58,P2,Stuttgart,Germany,Hybrid,91,4,26,5,Bachelor,"Java, Lean Six Sigma","German, English",2018-02-03,2,Helga +49 173 5973615,False,,44,79656.9,86029.45
465,Théo,Dubois,M,1987-04-24,INSEE,1 87 04 24 43 349 7,theo.dubois@globalcorp.com,+33 6 78 31 88 92,2007-05-25,,Active,Permanent,0.75,QA Engineer,mid,IT,194.0,5829.41,EUR,Monthly,5626.71,P2,Lille,France,Hybrid,53,4,26,12,High School,"React, PRINCE2, Oracle, Kotlin","French, English",2009-07-18,1,Gabriel +33 6 64 64 30 28,False,,38,75579.63,81626.0
466,Mario,Romero,M,1976-10-04,DNI,35616908M,mario.romero@globalcorp.com,+34 671 744065,2013-04-18,,Active,B2B,1.0,Compliance Officer,senior,Legal,457.0,4891.01,EUR,Monthly,7186.37,P3,Murcia,Spain,On-site,69,4,26,4,Bachelor,"Financial Analysis, Figma, Accounting","Spanish, English, Polish",,1,Jimena +34 632 128553,False,,48,65878.49,71148.77
467,Eduardo,Sánchez,M,1987-11-16,DNI,63767006N,eduardo.sanchez@globalcorp.com,+34 676 825597,2020-04-06,,Active,Permanent,0.75,Quality Inspector,mid,Operations,308.0,4176.99,EUR,Monthly,0.0,P2,Zaragoza,Spain,Hybrid,104,1,20,6,Bachelor,"Kubernetes, Accounting, Salesforce, AutoCAD, ITIL","Spanish, English",2025-02-12,1,Valentina +34 673 119910,True,,37,50123.88,54133.79
468,Layla,Young,F,1961-07-22,SSN,273-24-4213,layla.young@globalcorp.com,+1 (961) 581-1683,2023-06-19,,Active,Permanent,1.0,Account Manager,manager,Sales,,21544.89,USD,Monthly,0.0,P5,Phoenix,USA,Remote,80,2,20,2,Master,"AutoCAD, Jira","English, Korean",2024-09-23,3,Henry +1 (335) 921-9588,False,,63,258538.68,258538.68
469,Maciej,Wisniewski,M,1975-05-19,PESEL,75051975117,maciej.wisniewski@globalcorp.com,+48 600 897 859,2002-06-27,,Active,Permanent,1.0,Marketing Director,manager,Marketing,,30821.68,PLN,Monthly,49711.62,P5,Torun,Poland,Hybrid,95,2,26,18,Bachelor,"Docker, ITIL, Financial Analysis, AutoCAD","Polish, English, Spanish",2023-09-25,2,Rafal +48 519 677 345,True,,50,419571.78,104892.95
470,Maisie,Campbell,F,1967-01-23,NINO,ZK 10 81 46 C,maisie.campbell@globalcorp.com,+44 7400 430757,2006-11-01,,Active,Permanent,1.0,Business Development Manager,manager,Sales,,131708.92,GBP,Annual,6742.89,P5,Cardiff,UK,Hybrid,22,4,26,26,Bachelor,"Python, Negotiation, Excel, Financial Analysis",English,2008-08-05,8,George +44 7453 328495,True,,58,138451.81,175833.8
471,Amelia,Lee,F,1996-05-19,NINO,GC 74 01 51 B,amelia.lee@globalcorp.com,+44 7452 388611,2019-12-23,,Active,B2B,1.0,Controller,senior,Finance,243.0,6905.49,GBP,Monthly,0.0,P3,Bristol,UK,Hybrid,20,3,20,10,High School,"SQL, Jira, Negotiation, Photoshop, Oracle","English, Polish",2024-12-24,1,Callum +44 7912 416962,True,,29,82865.88,105239.67
472,Ivy,Adams,F,1977-04-11,NINO,CW 67 03 26 D,ivy.adams@globalcorp.com,+44 7804 559014,2017-05-15,,Active,Permanent,0.5,Operations Manager,manager,Operations,,13208.34,GBP,Monthly,0.0,P5,Newcastle,UK,Hybrid,73,3,20,2,Master,"AutoCAD, Negotiation","English, Italian",,3,Charlotte +44 7801 793428,True,,48,158500.08,201295.1
473,Gabriela,Adamczyk,F,1991-11-26,PESEL,91112630476,gabriela.adamczyk@globalcorp.com,+48 665 491 676,2019-08-24,,Active,Permanent,0.8,Data Analyst,mid,IT,51.0,6555.2,PLN,Monthly,15198.42,P2,Poznan,Poland,Hybrid,81,5,20,1,Master,"Oracle, Photoshop","Polish, English",2023-02-27,1,Krystyna +48 691 853 611,True,,33,93860.82,23465.21
474,Patryk,Wisniewski,M,1966-05-17,PESEL,66051762184,patryk.wisniewski@globalcorp.com,+48 696 139 223,2017-07-23,,Active,B2B,1.0,CFO,manager,Finance,,20289.96,PLN,Monthly,54501.47,P5,Krakow,Poland,Hybrid,49,2,20,17,Master,"Tableau, Lean Six Sigma","Polish, English, Mandarin",2021-01-09,3,Aleksander +48 729 791 481,True,,59,297980.99,74495.25
475,Sabine,Lange,F,2000-04-02,Steuer-ID,09 421 981 475,sabine.lange@globalcorp.com,+49 201 4921206,2024-05-30,,Active,Permanent,1.0,Sales Director,manager,Sales,,127570.34,EUR,Annual,0.0,P5,Leipzig,Germany,Hybrid,52,4,20,7,Master,"Accounting, Kotlin",German,2025-06-25,1,Peter +49 93 4832186,False,,25,127570.34,137775.97
476,Niklas,Zimmermann,M,1986-05-06,Steuer-ID,13 329 279 771,niklas.zimmermann@globalcorp.com,+49 98 9025315,2006-09-29,,On Leave,Permanent,1.0,Content Manager,manager,Marketing,,11777.58,EUR,Monthly,8805.72,P5,Berlin,Germany,On-site,11,3,26,7,MBA,"Azure, SAP","German, English",2021-11-13,4,Niklas +49 41 3957347,False,,39,150136.68,162147.61
477,Olivia,Wright,F,2005-12-30,NINO,CT 77 45 02 C,olivia.wright@globalcorp.com,+44 7805 132456,2024-07-10,,Active,B2B,1.0,Audit Specialist,mid,Finance,31.0,58446.65,GBP,Annual,0.0,P2,London,UK,Remote,56,3,20,2,Master,"AWS, Azure","English, Spanish",,6,Paul +44 7915 300953,True,,19,58446.65,74227.25
478,Rose,Lefebvre,F,1984-12-08,INSEE,2 84 12 08 12 216 3,rose.lefebvre@globalcorp.com,+33 6 45 61 84 50,2017-09-01,,Active,Fixed-term,0.75,Key Account Manager,manager,Sales,,12805.61,EUR,Monthly,23115.3,P5,Lyon,France,Remote,59,1,20,13,PhD,"Azure, PMP, Kotlin, Java, SAP","French, English, German",,2,Adrien +33 6 13 05 52 61,False,,40,176782.62,190925.23
479,Javier,Gutiérrez,M,1969-03-11,DNI,02969258G,javier.gutierrez@globalcorp.com,+34 678 588745,2008-01-07,,On Leave,B2B,1.0,Logistics Manager,manager,Logistics,,11061.49,EUR,Monthly,0.0,P5,Seville,Spain,Hybrid,89,4,26,1,Master,"Python, Photoshop, Docker","Spanish, English",2021-12-21,4,Adrián +34 632 245317,False,,56,132737.88,143356.91
480,Ellie,Baker,F,1974-11-12,NINO,JR 68 96 58 C,ellie.baker@globalcorp.com,+44 7452 386968,2008-08-05,,Active,B2B,0.8,QA Specialist,mid,IT,112.0,6154.64,GBP,Monthly,0.0,P2,Leeds,UK,Remote,51,4,26,24,High School,"AWS, Figma",English,,4,Nora +44 7454 485898,True,,50,73855.68,93796.71
481,Freya,Anderson,Other,1982-10-25,NINO,JP 52 56 95 A,freya.anderson@globalcorp.com,+44 7700 124351,2005-02-01,,Active,Contractor,1.0,Sales Manager,manager,Sales,,14726.55,GBP,Monthly,5227.06,P5,London,UK,Remote,56,3,26,5,Master,"Oracle, SQL, Tableau, Photoshop, Lean Six Sigma","English, Hindi",2020-02-23,3,Lucas +44 7703 187419,False,,42,181945.66,231070.99
482,Jakub,Kucharski,M,1975-03-13,PESEL,75031398754,jakub.kucharski@globalcorp.com,+48 733 821 896,2011-09-07,2012-02-14,Terminated,Permanent,0.5,Legal Counsel,mid,Legal,457.0,10656.49,PLN,Monthly,11663.49,P2,Warsaw,Poland,Hybrid,102,3,26,1,Master,"Tableau, Project Management","Polish, English, Russian",2013-10-24,3,Sylwia +48 519 455 861,False,0.44,50,139541.37,34885.34
483,Nicolas,Morel,M,1994-12-29,INSEE,1 94 12 29 28 778 6,nicolas.morel@globalcorp.com,+33 6 54 45 47 01,2022-04-02,,Active,B2B,1.0,Copywriter,mid,Marketing,296.0,49954.96,EUR,Annual,0.0,P2,Paris,France,Hybrid,78,3,20,14,Master,"Oracle, Project Management, Negotiation, Salesforce, Java","French, English",2023-08-02,4,Pierre +33 7 02 72 40 53,True,,30,49954.96,53951.36
484,Susanne,Lehmann,F,1985-08-17,Steuer-ID,33 885 381 758,susanne.lehmann@globalcorp.com,+49 93 8941088,2004-06-18,2021-04-30,Terminated,B2B,1.0,Contract Specialist,mid,Legal,53.0,33.81,EUR,Hourly,0.0,P2,Munich,Germany,Hybrid,68,3,26,9,Bachelor,"Lean Six Sigma, SAP, Tableau, AWS, Kotlin","German, English, Hindi, Spanish",2017-03-24,6,Marina +49 231 8444675,True,16.87,39,68160.96,73613.84
485,Nina,Piotrowski,F,1975-08-07,PESEL,75080747882,nina.piotrowski@globalcorp.com,+48 728 431 510,2012-06-19,,Active,Permanent,0.75,Legal Assistant,junior,Legal,492.0,5147.58,PLN,Monthly,0.0,P1,Warsaw,Poland,Hybrid,102,3,26,18,Bachelor,"Kubernetes, Photoshop, Accounting, Jira, React","Polish, English, German",,1,Pola +48 729 768 624,True,,49,61770.96,15442.74
486,Lucas,Martin,M,1993-09-15,NINO,AT 06 19 71 D,lucas.martin@globalcorp.com,+44 7400 351495,2024-03-14,,Active,Contractor,1.0,Brand Manager,manager,Marketing,,57.32,GBP,Hourly,11777.42,P5,Liverpool,UK,On-site,54,3,20,0,PhD,"SAP, Salesforce, SQL, Lean Six Sigma",English,2025-04-02,4,Thomas +44 7402 221371,False,,31,127334.54,161714.87
487,Margaret,Scott,F,1981-08-22,NINO,GN 01 25 58 A,margaret.scott@globalcorp.com,+44 7913 408628,2014-06-22,,Active,Permanent,1.0,Junior Developer,junior,IT,163.0,18.67,GBP,Hourly,2698.35,P1,London,UK,Hybrid,56,4,26,23,Bachelor,"Python, ITIL","English, French, Arabic",2023-06-14,1,Oliver +44 7805 104478,True,,43,40337.07,51228.08
488,Joanna,Dudek,F,1992-06-25,PESEL,92062577408,joanna.dudek@globalcorp.com,+48 665 210 546,2024-10-14,,Active,Contractor,1.0,Legal Counsel,mid,Legal,330.0,6074.96,PLN,Monthly,4296.98,P2,Krakow,Poland,Remote,49,4,20,6,High School,"Power BI, SAP, Docker, Lean Six Sigma, ITIL",Polish,,3,Sylwia +48 791 170 186,True,,33,77196.5,19299.12
489,Alice,André,F,1979-11-02,INSEE,2 79 11 02 28 257 4,alice.andre@globalcorp.com,+33 7 55 92 26 49,2007-08-03,,On Leave,Fixed-term,1.0,Key Account Manager,manager,Sales,,12881.11,EUR,Monthly,0.0,P5,Marseille,France,Hybrid,63,2,26,20,Bachelor,"Scrum, Lean Six Sigma","French, English",,2,Lucie +33 6 11 71 13 69,True,,45,154573.32,166939.19
490,Guillaume,Michel,M,1990-08-30,INSEE,1 90 08 30 12 625 9,guillaume.michel@globalcorp.com,+33 6 13 48 44 14,2008-09-18,,Active,Permanent,0.5,Brand Manager,manager,Marketing,,13447.7,EUR,Monthly,20014.03,P5,Toulouse,France,Remote,96,4,26,25,Master,"Lean Six Sigma, SQL, Project Management","French, English, Dutch, Russian",,3,Guillaume +33 6 54 62 69 67,True,,34,181386.43,195897.34
491,Lorenzo,Russo,M,1980-10-20,Codice Fiscale,RSSLRN80R20909C,lorenzo.russo@globalcorp.com,+39 354 6254050,2017-01-03,,Active,Permanent,0.75,Contract Specialist,mid,Legal,457.0,3592.55,EUR,Monthly,0.0,P2,Catania,Italy,Hybrid,23,3,20,11,Master,"Azure, ITIL, Project Management","Italian, English",2020-11-02,4,Davide +39 386 7330485,True,,44,43110.6,46559.45
492,Juan,Domínguez,M,1994-09-13,DNI,68503800W,juan.dominguez@globalcorp.com,+34 644 486675,2015-06-04,,Active,Contractor,1.0,Contract Specialist,mid,Legal,325.0,3362.16,EUR,Monthly,7330.74,P2,Madrid,Spain,Hybrid,60,5,26,9,Master,"Kubernetes, AWS, Accounting","Spanish, English",2024-07-19,4,Clara +34 610 598376,False,,30,47676.66,51490.79
493,Gabriel,Rodríguez,M,1966-04-03,DNI,80976504J,gabriel.rodriguez@globalcorp.com,+34 610 237458,1984-08-26,,Active,Fixed-term,0.5,Contract Specialist,mid,Legal,398.0,47550.24,EUR,Annual,0.0,P2,Barcelona,Spain,Hybrid,9,3,26,8,PhD,"Azure, React, Accounting, SQL","Spanish, Russian, Italian",2002-08-18,1,Emma +34 645 211633,True,,59,47550.24,51354.26
494,Hanna,Meyer,F,1972-04-26,Steuer-ID,89 487 066 578,hanna.meyer@globalcorp.com,+49 170 6567277,1996-08-27,,Active,Permanent,1.0,Graphic Designer,mid,Marketing,469.0,6002.81,EUR,Monthly,0.0,P2,Stuttgart,Germany,Hybrid,91,1,26,18,Master,"Financial Analysis, Jira","German, English, Russian, Hindi",2010-12-23,4,Bernd +49 271 7455277,False,,53,72033.72,77796.42
495,Jelle,Brouwer,M,1983-01-08,BSN,465.026.679,jelle.brouwer@globalcorp.com,+31 6 48948025,2023-11-18,2025-02-24,Terminated,Permanent,0.75,Warehouse Worker,junior,Logistics,258.0,3428.01,EUR,Monthly,2964.38,P1,Amsterdam,Netherlands,On-site,4,4,20,0,Bachelor,"React, AWS, Figma, Python","Dutch, English",2025-04-10,1,Sem +31 6 49706116,True,1.27,42,44100.5,47628.54
496,Anaïs,André,F,1977-12-07,INSEE,2 77 12 07 64 621 9,anais.andre@globalcorp.com,+33 6 06 06 38 67,2019-01-11,,Active,B2B,1.0,Contract Specialist,mid,Legal,398.0,5044.58,EUR,Monthly,7293.87,P2,Bordeaux,France,Hybrid,16,2,20,3,Bachelor,"Azure, Salesforce, Jira","French, English",,4,Mathilde +33 7 70 07 81 52,True,,47,67828.83,73255.14
497,George,Adams,M,1980-05-18,NINO,JK 84 71 12 A,george.adams@globalcorp.com,+44 7702 856517,2005-11-01,2006-04-27,Terminated,Permanent,1.0,Contract Specialist,mid,Legal,325.0,4581.61,GBP,Monthly,6489.58,P2,Cardiff,UK,On-site,22,4,26,17,Bachelor,"Salesforce, Oracle, React, AutoCAD","English, Japanese",2024-12-22,1,Edward +44 7701 502997,True,0.48,45,61468.9,78065.5
498,Nadia,Gómez,F,1991-10-20,DNI,66525141X,nadia.gomez@globalcorp.com,+34 636 662692,2019-03-10,,Active,Fixed-term,1.0,Compliance Officer,senior,Legal,457.0,4337.2,EUR,Monthly,8363.29,P3,Seville,Spain,On-site,89,5,20,0,Master,"PRINCE2, Azure","Spanish, English",2022-08-19,4,Julia +34 681 949671,True,,33,60409.69,65242.47
499,Christian,Lehmann,Other,1980-06-05,Steuer-ID,01 145 641 079,christian.lehmann@globalcorp.com,+49 211 5045113,2007-08-12,,Active,Fixed-term,1.0,HR Business Partner,senior,HR,8.0,7939.88,EUR,Monthly,0.0,P3,Essen,Germany,Hybrid,36,4,26,7,High School,"Excel, Jira","German, English",,4,Dieter +49 95 5660117,False,,45,95278.56,102900.84
500,Poppy,Miller,F,1988-01-28,NINO,HE 32 24 77 D,poppy.miller@globalcorp.com,+44 7917 454209,2009-07-08,,Active,Permanent,0.8,Account Manager,manager,Sales,,11217.11,GBP,Monthly,0.0,P5,Manchester,UK,Hybrid,62,3,26,17,Bachelor,"Jira, PMP, SAP, SQL","English, Dutch, French",,5,Jacob +44 7805 154372,False,,37,134605.32,170948.76
